AMOSTRA,ACC_X,ACC_Y,ACC_Z,GYRO_X,GYRO_Y,GYRO_Z,Movimento_Classificado,MOVIMENTO;;;;;;;
0,-1,-1,-1,-1,-1,-1,Andar,
1,-6204,700,16912,-564,-2318,1599,Andar,
2,-5368,356,17868,-147,-1126,1846,Andar,
3,-4444,488,17376,-429,938,-188,Andar,
4,-4588,492,17252,-2013,-1491,570,Andar,
5,-1644,3632,18680,-2403,-172,-279,Andar,
6,-4968,812,22544,-3572,614,-3165,Andar,
7,-1088,188,17216,728,1562,2111,Andar,
8,-1852,616,17912,-3930,-3128,1479,Andar,
9,-884,940,18460,612,136,2293,Andar,
10,-2064,1152,16800,-106,56,-152,Andar,
11,-3916,580,17472,461,691,785,Andar,
12,-3932,424,18628,1852,-602,1422,Andar,
13,-5036,-580,17856,1743,1457,3139,Andar,
14,-3288,400,17304,665,488,4025,Andar,
15,-5272,204,17936,-628,1428,1454,Andar,
16,-4152,2024,17484,-681,400,2740,Andar,
17,-5496,2068,19212,-3164,1181,52,Andar,
18,-5712,2072,19976,-1494,1543,1400,Andar,
19,-3572,2620,16132,48,598,-224,Andar,
20,-5024,1864,15920,-608,-1167,1148,Andar,
21,-3708,1940,16936,-851,-2761,496,Andar,
22,-5612,456,19012,-1876,-1656,-935,Andar,
23,-4556,0,18312,1597,-1894,-1501,Andar,
24,-4516,292,16972,-359,472,-2140,Andar,
25,-5052,168,18020,2188,-2137,-1066,Andar,
26,-3828,528,16836,355,-2883,1116,Andar,
27,-3916,564,19032,870,-2685,-76,Andar,
28,-3628,248,17828,1999,-792,-1115,Andar,
29,-3612,308,18760,-138,-1370,556,Andar,
30,-1444,1816,17432,2015,-805,343,Andar,
31,-2296,1340,17740,-3983,-1933,-304,Andar,
32,-912,1764,21224,-272,-67,199,Andar,
33,-404,1224,16976,-1177,2805,843,Andar,
34,-560,1284,20820,-1887,-1267,992,Andar,
35,-920,1128,17028,1230,1227,978,Andar,
36,-596,1232,16812,-1071,-790,1092,Andar,
37,-2608,1160,17992,-43,1461,524,Andar,
38,-1968,1464,17300,936,-14,2420,Andar,
39,-1392,1744,17588,333,1655,642,Andar,
40,-3688,1020,17380,761,2727,783,Andar,
41,-3012,972,17764,-76,1297,3892,Andar,
42,-3364,1940,17932,-181,1396,2554,Andar,
43,-3024,2400,17080,1624,-405,3411,Andar,
44,-4328,2120,20208,-4021,433,25,Andar,
45,-5668,1504,21244,-1731,2302,312,Andar,
46,-4244,1404,18284,-358,1601,1802,Andar,
47,-3120,1804,16156,238,105,2897,Andar,
48,-2696,2048,16508,-296,-1468,2480,Andar,
49,-3344,1664,19804,-985,-524,2289,Andar,
50,-3732,1652,19492,346,-87,-227,Andar,
51,-4100,1596,17340,-292,-619,-112,Andar,
52,-3608,1816,17400,-991,-330,-864,Andar,
53,-4164,1452,17864,-776,-1474,613,Andar,
54,-3496,1320,18632,-658,-2457,731,Andar,
55,-3208,1008,19264,-348,-2558,-1083,Andar,
56,-2888,740,19096,1531,-1344,-3188,Andar,
57,-2140,900,17848,2560,-1498,-2909,Andar,
58,-2712,2156,17148,2295,-5789,-3519,Andar,
59,-2268,1476,18072,1472,365,-5012,Andar,
60,164,4132,17312,985,2040,-3090,Andar,
61,1068,3024,20504,-3020,-3308,1853,Andar,
62,300,1552,18480,-4668,1777,-56,Andar,
63,-680,480,19884,298,-2276,-813,Andar,
64,-868,-56,17852,1550,1156,-243,Andar,
65,-1212,1976,16508,382,1266,-213,Andar,
66,-1276,1076,17220,-1920,-915,1526,Andar,
67,-632,1408,18992,-486,1304,1755,Andar,
68,-928,2060,18396,980,327,1175,Andar,
69,-1260,1508,17748,141,1901,1061,Andar,
70,-148,1344,17852,214,-104,987,Andar,
71,-1768,532,18504,-567,2100,645,Andar,
72,-2280,1136,18324,283,2448,-185,Andar,
73,-2072,848,17636,142,-347,393,Andar,
74,-2128,1492,20672,-2482,959,-1248,Andar,
75,-3632,1480,17976,917,2421,-1811,Andar,
76,-4416,880,18636,-1908,980,582,Andar,
77,-3512,2004,18956,-316,-726,1795,Andar,
78,-3592,2280,19196,263,798,-1155,Andar,
79,-2708,1920,17996,812,-862,1117,Andar,
80,-2360,2656,17872,1290,-879,-2133,Andar,
81,-4044,1476,17100,1277,92,-1537,Andar,
82,-3636,1672,17760,567,-1590,-1737,Andar,
83,-4032,1340,17972,244,-961,-2246,Andar,
84,-2640,1348,18596,423,-947,-2013,Andar,
85,-3596,904,18540,-684,479,-3955,Andar,
86,-2920,1256,17536,-291,-1913,-1467,Andar,
87,-1000,2716,17912,-962,-620,-1730,Andar,
88,-260,2160,18584,348,231,-2692,Andar,
89,-1280,1548,18592,772,-2737,-2365,Andar,
90,-1304,1124,19160,-545,-1307,-2668,Andar,
91,-1700,688,17672,536,-1146,-1327,Andar,
92,-892,1016,17108,-173,-444,-1155,Andar,
93,-1552,656,17240,-1041,172,-1175,Andar,
94,-2244,536,18708,-706,-413,579,Andar,
95,-1860,904,17476,-33,1371,521,Andar,
96,-292,1268,17944,-409,-1467,2279,Andar,
97,-652,340,19844,425,-495,-385,Andar,
98,-916,1396,17680,771,83,1804,Andar,
99,-204,1916,17940,2422,617,472,Andar,
100,-1312,1696,18168,-261,1949,221,Andar,
101,-2116,908,18320,371,5150,-321,Andar,
102,-3356,1024,18924,319,2295,306,Andar,
103,-1592,2084,19820,240,1234,1526,Andar,
104,-4032,1984,16848,1834,3092,-262,Andar,
105,-2516,1816,19144,-171,-1239,248,Andar,
106,-4492,2188,19668,11,990,-1760,Andar,
107,-2672,1896,18564,1226,-1881,-2313,Andar,
108,-2480,3240,15548,1417,711,-5105,Andar,
109,-2096,2764,16520,-71,-1277,-2505,Andar,
110,-3524,3764,18544,-1127,-837,-1952,Andar,
111,-2812,3872,18696,969,-4660,-1903,Andar,
112,-2900,2652,20472,-2569,-1908,-2467,Andar,
113,-2828,2400,19612,-233,-2659,-896,Andar,
114,-1628,2128,18312,-288,-5181,1131,Andar,
115,-1180,2124,19820,-1177,-1288,285,Andar,
116,-820,2412,17748,2555,-645,414,Andar,
117,-348,3144,17636,950,1580,251,Andar,
118,-1688,2420,17252,4334,2049,-458,Andar,
119,16,4304,18120,2046,607,1869,Andar,
120,-120,5296,18400,1175,2902,19,Andar,
121,-364,5120,16468,800,3086,18,Andar,
122,-752,5168,15752,1896,499,-74,Andar,
123,32,5556,17224,1010,1230,525,Andar,
124,-432,6036,16876,3590,2440,-568,Andar,
125,-2084,6592,19456,775,789,927,Andar,
126,-1812,5864,19812,949,868,2823,Andar,
127,-3036,5224,18812,4078,-2270,3296,Andar,
128,-3932,4900,20668,-62,-522,2834,Andar,
129,-1764,4864,19952,1202,-56,589,Andar,
130,-2176,4916,16648,1281,4633,1176,Andar,
131,-3100,5152,15504,2727,371,1369,Andar,
132,-2208,5824,16904,1598,1209,6,Andar,
133,-3096,4484,14252,5063,-867,-1008,Andar,
134,-2144,6016,14360,3079,-839,103,Andar,
135,-2312,6608,14104,1262,-1215,3,Andar,
136,-1984,7412,15520,1924,-2889,1524,Andar,
137,-2168,8572,16836,-1409,347,377,Andar,
138,-2504,7728,16068,-1530,-4023,636,Andar,
139,-344,8248,19860,-2402,-4090,2011,Andar,
140,-2468,6712,21648,-4073,-1603,-2892,Andar,
141,-412,4504,21692,-2392,-4523,786,Andar,
142,-116,3688,19880,-515,1236,-3512,Andar,
143,-180,3156,15408,3147,90,-636,Andar,
144,276,4672,17068,1384,-653,-698,Andar,
145,-556,4908,16028,1238,1716,-2571,Andar,
146,-156,5540,15812,1392,1104,-1518,Andar,
147,-360,5376,14380,2038,2627,-779,Andar,
148,528,6856,14960,2611,288,1777,Andar,
149,-132,8484,15652,3305,1341,1036,Andar,
150,-1376,9168,18228,1353,-140,1784,Andar,
151,-1612,9232,18648,1093,1837,1815,Andar,
152,-3400,7792,20428,-475,70,2279,Andar,
153,-1612,7908,17300,1329,3264,4838,Andar,
154,-1980,7232,18784,-1386,1390,703,Andar,
155,-2796,6124,14264,1586,4024,2014,Andar,
156,-2732,6840,15988,-457,-1075,1980,Andar,
157,-2152,6116,14936,-648,2433,591,Andar,
158,-1628,6564,12960,1904,120,-941,Andar,
159,-3084,6948,15124,782,378,-1249,Andar,
160,-2528,8044,15448,921,55,-861,Andar,
161,-2304,8548,16204,1012,-725,-1407,Andar,
162,-1404,9408,15948,2199,-889,-846,Andar,
163,-2028,8312,16808,2123,-2676,-1641,Andar,
164,-2272,8228,17180,2043,-1240,-617,Andar,
165,-3628,6632,19224,-522,-2224,-3470,Andar,
166,-1612,6236,18708,-1963,-2643,-2802,Andar,
167,-2340,4648,16088,-1196,442,-5718,Andar,
168,-2380,6244,16648,-39,-1356,-2388,Andar,
169,-1748,7232,17836,-3424,-1655,-3455,Andar,
170,-1504,6436,16264,-958,-726,-4535,Andar,
171,-2000,6680,15612,471,-903,-2939,Andar,
172,-1776,7108,16936,-1825,-2043,-697,Andar,
173,-940,7580,15892,-1572,-1338,-785,Andar,
174,-1248,7616,18056,78,-232,-2718,Andar,
175,-1052,7284,16748,33,1331,-2723,Andar,
176,-2772,5308,15308,-1172,1736,955,Andar,
177,-2652,6768,15824,2178,2674,2520,Andar,
178,-3200,6584,18216,162,4006,-187,Andar,
179,-4448,4304,15772,-5424,1203,-1478,Andar,
180,-4504,5308,18208,-3075,-452,605,Andar,
181,-4000,4544,19012,-3233,1238,191,Andar,
182,-3616,3472,15720,-827,632,-1705,Andar,
183,-4728,3312,18500,-3020,-1628,-824,Andar,
184,-4048,4208,17740,-212,-695,-2316,Andar,
185,-5572,3084,18452,-312,-1603,-6573,Andar,
186,-4832,3436,18832,-569,-3687,-3914,Andar,
187,-3676,2888,18552,-1320,-3491,-6099,Andar,
188,-3248,2932,17596,-359,-4200,-5931,Andar,
189,-3612,3320,19088,-3631,-4071,-5183,Andar,
190,-628,4084,16524,-2084,-2515,-3465,Andar,
191,-1556,4188,18080,-689,-2442,-6392,Andar,
192,-1364,5772,18604,-3836,-2275,-2589,Andar,
193,-1996,4640,18508,-977,-1366,-2281,Andar,
194,-1916,3488,18060,-382,-1343,-1029,Andar,
195,-1228,2752,18132,2610,610,1405,Andar,
196,188,2604,17024,3192,1190,2285,Andar,
197,-360,2188,17080,3303,2000,2584,Andar,
198,-112,2816,18096,2291,1407,4061,Andar,
199,-56,3624,17284,1813,1915,4138,Andar,
200,-1264,3240,17440,1048,2482,4183,Andar,
201,-3532,4420,15596,2988,4286,4893,Andar,
202,-2612,6836,18300,-605,631,7575,Andar,
203,-4452,5728,18580,-732,5338,5739,Andar,
204,-3292,8032,17640,-620,676,8285,Andar,
205,-2184,8048,20232,-2926,2268,2923,Andar,
206,-3084,6288,15476,969,4729,-308,Andar,
207,-4176,5956,18348,-1948,-1456,1342,Andar,
208,-4088,5380,18196,-318,1623,2129,Andar,
209,-3252,4784,15432,2256,757,509,Andar,
210,-4176,3984,17076,799,664,1672,Andar,
211,-3128,4868,16092,2059,-786,2140,Andar,
212,-3652,5060,17548,884,-1580,800,Andar,
213,-4000,4632,17460,1425,-531,1221,Andar,
214,-3372,4788,17148,1419,-1399,-297,Andar,
215,-3880,5256,15732,1148,-647,-1039,Andar,
216,-3792,6120,20284,-2179,-5606,-39,Andar,
217,516,7748,18468,-62,-1139,-717,Andar,
218,-1812,6740,17616,-444,-2645,-2689,Andar,
219,-56,7736,19072,-944,-2029,2267,Andar,
220,-20,6696,18664,-1192,689,-831,Andar,
221,580,5980,14872,1768,58,2367,Andar,
222,796,6340,14392,331,-330,2324,Andar,
223,-384,5592,15684,-70,-963,2832,Andar,
224,740,6372,15876,455,73,2669,Andar,
225,-372,5604,17396,-484,1576,1716,Andar,
226,56,5196,16956,482,2496,3506,Andar,
227,340,5912,15352,1341,2129,2540,Andar,
228,-788,5352,17536,-109,2947,3120,Andar,
229,-460,6348,14728,1756,3527,3583,Andar,
230,-2472,6932,17424,-1611,1633,1628,Andar,
231,-1232,8964,16364,855,1049,3189,Andar,
232,-1132,11024,22580,-5686,-827,-1355,Andar,
233,-2468,6976,18608,-347,4951,-2779,Andar,
234,-1088,6856,15032,596,1114,-1130,Andar,
235,-2816,6224,16696,-771,1334,1461,Andar,
236,-1472,6900,15152,116,-262,1375,Andar,
237,-820,6968,18312,-1171,-1728,352,Andar,
238,-2772,5880,16392,1228,881,-723,Andar,
239,-2552,6100,16068,2578,-2367,-571,Andar,
240,-2460,5996,16676,783,-1242,-637,Andar,
241,-1832,7220,14400,1607,-1076,-1905,Andar,
242,-1872,7680,17660,-2391,-1857,-3548,Andar,
243,-164,7728,16376,-478,-941,-1069,Andar,
244,-924,8264,19368,-2438,-3599,-2791,Andar,
245,-416,7016,18196,-4028,1479,2050,Andar,
246,1288,7608,18388,-1707,-2364,1218,Andar,
247,1140,6192,15904,623,1222,1040,Andar,
248,804,6676,16376,1099,-666,-715,Andar,
249,-660,5868,16044,1323,1050,-1044,Andar,
250,-552,6072,16284,1627,174,-254,Andar,
251,-176,6444,18216,-846,1619,464,Andar,
252,-92,5944,17684,-599,1286,1030,Andar,
253,180,6048,17364,143,-895,3082,Andar,
254,40,5816,16936,380,1071,2216,Andar,
255,-1708,5552,16228,-260,542,1260,Andar,
256,-1192,6236,15752,-801,353,1883,Andar,
257,-1956,6316,15592,314,2810,1507,Andar,
258,-2092,8536,15784,-4,2718,1315,Andar,
259,-2460,9636,17396,-2405,1341,1107,Andar,
260,-488,10492,20448,-3365,-4149,-1170,Andar,
261,-1508,7540,17068,1540,3283,-2311,Andar,
262,-1528,7120,14880,1566,-4176,1798,Andar,
263,-532,8148,17288,-58,-1602,1835,Andar,
264,-924,8172,16520,1742,-2573,292,Andar,
265,-1020,7624,17192,1108,-439,-576,Andar,
266,-708,7588,15692,598,-1032,-1020,Andar,
267,-1292,6712,16616,335,379,-1873,Andar,
268,-712,6996,15308,1282,774,-1908,Andar,
269,-1364,6892,16456,-125,14,-1572,Andar,
270,556,8716,16928,-672,-882,-1815,Andar,
271,-752,8128,16988,-1542,917,-3757,Andar,
272,-468,8556,16848,-1743,-1062,-3969,Andar,
273,-812,7924,17272,-1040,-722,-5840,Andar,
274,-844,7796,16276,1375,-2006,-5201,Andar,
275,-1808,7704,17668,1076,-2978,-4622,Andar,
276,-836,7876,18340,1128,-4312,-5515,Andar,
277,-1076,5644,18844,1406,-2455,-5926,Andar,
278,1136,5900,16408,2633,-3309,-3840,Andar,
279,-520,5796,17204,1041,-2360,-5353,Andar,
280,1716,7068,18880,-576,-4428,-3606,Andar,
281,1204,6956,16972,452,149,-5424,Andar,
282,-80,6732,13760,1281,-1431,-1287,Andar,
283,-1736,7544,14316,-754,-3004,2943,Andar,
284,-724,9196,15552,614,-1950,6051,Andar,
285,-912,9396,15524,1007,2573,6562,Andar,
286,1016,9116,15556,1643,1727,9181,Andar,
287,3604,9584,17520,1224,1703,8506,Andar,
288,1536,8924,17028,2476,4602,6797,Andar,
289,560,9944,17072,338,3345,8585,Andar,
290,-360,9344,20264,-3661,2450,5251,Andar,
291,-1644,7376,15600,678,7101,6824,Andar,
292,460,8920,15312,-1283,-494,6889,Andar,
293,596,7236,15668,-1420,5888,1501,Andar,
294,-1004,6136,12032,1237,2838,540,Andar,
295,-996,7732,14008,453,3179,3313,Andar,
296,-2336,7920,14188,1549,3870,628,Andar,
297,-1344,8680,16180,1463,849,3084,Andar,
298,60,9704,17640,235,814,1456,Andar,
299,-92,9268,19568,-1146,-115,-722,Andar,
300,-320,9152,18900,-1142,1867,-845,Andar,
301,-1252,8496,19312,-1458,704,-1220,Andar,
302,200,7384,17932,-1176,-4070,-1510,Andar,
303,-2056,4652,16536,1296,2184,-1772,Andar,
304,-1392,6144,16792,1245,-1812,1669,Andar,
305,-768,6404,15972,1074,1947,334,Andar,
306,-760,6572,14100,36,-419,230,Andar,
307,-140,6472,15968,-544,1337,810,Andar,
308,-356,6816,13860,1803,2948,1213,Andar,
309,392,8208,14400,1549,-167,3204,Andar,
310,880,9260,16412,1261,1582,1303,Andar,
311,740,9472,16084,2428,1543,1132,Andar,
312,-900,8492,17864,1851,806,1929,Andar,
313,-2280,9288,16168,2855,2364,4510,Andar,
314,-2252,8916,20264,-3582,-689,3956,Andar,
315,-1128,8840,21444,-3845,1521,87,Andar,
316,-2332,5652,13636,1094,3370,3261,Andar,
317,-964,7868,15944,-3322,-3830,3774,Andar,
318,-2112,6496,18436,-2372,615,1322,Andar,
319,-1208,6944,13124,27,771,2656,Andar,
320,-780,6960,15352,-2549,-1018,2193,Andar,
321,-356,6844,16220,-727,-573,4018,Andar,
322,880,6904,15780,228,1635,3682,Andar,
323,-372,6760,16000,-1054,871,4108,Andar,
324,124,7564,16532,-72,960,5911,Andar,
325,828,9220,17372,-3705,2752,2962,Andar,
326,-2704,4844,22000,-9519,-1406,4753,Andar,
327,1428,5088,18436,-2023,2929,5216,Andar,
328,-724,2880,17364,-3263,3216,5784,Andar,
329,288,3432,17732,-4104,1095,7380,Andar,
330,-328,3060,18052,-1208,4664,5785,Andar,
331,-1416,3416,16416,-383,4848,7884,Andar,
332,-1580,3328,18292,-2371,2814,11581,Andar,
333,-1424,3200,19156,554,4821,11235,Andar,
334,-1800,3232,18304,2083,6659,14943,Andar,
335,-1704,4432,18640,1207,6140,15968,Andar,
336,-1520,4880,17488,3720,8114,16531,Andar,
337,-2016,7152,16084,2823,5930,14577,Andar,
338,-1404,8824,19256,-888,2035,15100,Andar,
339,2692,10576,17776,344,4271,8314,Andar,
340,304,7856,15492,2709,8812,1586,Andar,
341,-492,9088,14412,1806,4536,-1422,Andar,
342,-2604,8912,16696,1031,5067,-143,Andar,
343,-4396,7688,17424,1697,5269,-2591,Andar,
344,-5992,6864,17228,2816,5569,-1225,Andar,
345,-5076,6696,15936,5386,8619,353,Andar,
346,-7796,6360,13408,7300,9260,-3575,Andar,
347,-7888,6260,12428,4989,9075,4773,Andar,
348,-7856,7464,11744,-494,5952,10086,Andar,
349,-4852,7768,13372,-2128,3088,9116,Andar,
350,-4000,9388,14204,-2438,1554,12624,Andar,
351,-2500,12228,17016,-8960,-2601,11427,Andar,
352,-1184,9332,17744,-10699,-897,10388,Andar,
353,-636,8992,16108,-408,-4258,7805,Andar,
354,-648,9864,18840,-2908,-1385,4166,Andar,
355,-3304,7524,17748,-2713,-255,1604,Andar,
356,-3272,7184,15600,3607,1394,7791,Andar,
357,-1936,7596,15804,635,2731,5743,Andar,
358,-1572,6304,13760,-1071,4795,4730,Andar,
359,-464,6528,15044,-3667,2365,8855,Andar,
360,224,7528,15100,-6394,2969,8965,Andar,
361,212,7884,17472,-3339,4434,7546,Andar,
362,-1148,8500,17920,-1855,6787,3877,Andar,
363,-3840,7172,17900,-4189,9533,1722,Andar,
364,-2336,6236,14600,-5149,3801,8039,Andar,
365,-2720,6420,20904,-3415,2853,4545,Andar,
366,-1956,6576,14528,3862,8023,3864,Andar,
367,-4652,6864,17836,2495,3086,2743,Andar,
368,-2048,7752,16344,-242,3659,4347,Andar,
369,-3576,7328,14012,3002,2742,1560,Andar,
370,-3528,8492,15672,-188,2501,1855,Andar,
371,-3304,7488,13748,-663,382,-2340,Andar,
372,-3812,7164,16056,-1913,-1370,-1882,Andar,
373,-1596,6748,15552,-1788,-2441,-2042,Andar,
374,-3300,6840,15228,-3844,-808,-3856,Andar,
375,-4476,7324,16272,-1431,122,-2545,Andar,
376,-6448,7344,15412,798,1155,-1827,Andar,
377,-4692,8892,17040,1737,-549,-3145,Andar,
378,-3168,7972,15032,3118,-2505,-4566,Andar,
379,-4824,6372,15756,858,-2496,-5417,Andar,
380,-5464,6680,17408,-2487,-2114,-6793,Andar,
381,-5308,5368,21072,-6387,-6098,-5844,Andar,
382,-2476,5588,23368,-5300,-2403,-5176,Andar,
383,-1840,3600,15812,159,3663,-10727,Andar,
384,-976,3580,14880,1385,2046,-10521,Andar,
385,-3144,4328,19144,-733,-9793,-4855,Andar,
386,-5156,3696,18488,-7076,-115,-9754,Andar,
387,-2920,1676,14348,1936,-770,-4859,Andar,
388,-2364,3652,13792,3520,-1076,-3751,Andar,
389,-2544,5168,16280,572,-2030,-2850,Andar,
390,-2996,5228,16932,-1886,-2879,-6669,Andar,
391,-3744,3264,20060,72,-2906,-4134,Andar,
392,-1480,2800,17012,6918,-1131,-2696,Andar,
393,-1392,2872,23368,-5630,-3813,-7119,Andar,
394,-1276,1080,21332,-3505,-7290,-8687,Andar,
395,-732,1500,19072,-285,-5984,-11755,Andar,
396,-4212,268,19896,-3093,-5813,-9876,Andar,
397,1096,1616,20252,3755,-1682,-9182,Andar,
398,1820,-8,15604,869,-1597,-17712,Andar,
399,1268,-2136,15492,1243,-3808,-13212,Andar,
400,2576,1788,19520,2442,-7778,-9861,Andar,
401,-680,532,20404,2778,-2846,-15339,Andar,
402,-828,780,19552,2295,-4981,-10736,Andar,
403,240,52,19612,2260,-1604,-14780,Andar,
404,2088,708,17632,2084,-5014,-13310,Andar,
405,1560,756,18700,404,-1083,-14396,Andar,
406,1652,1744,18568,2528,-7393,-11117,Andar,
407,1808,2292,20980,-2556,-927,-9672,Andar,
408,5080,7184,23528,-760,-8048,-7917,Andar,
409,2904,2724,18076,-1922,1078,-11093,Andar,
410,2676,4260,19436,-2013,-4029,-7653,Andar,
411,728,2364,17216,-5173,257,-11303,Andar,
412,748,1644,18236,-625,-112,-8726,Andar,
413,696,2448,17412,1735,1940,-7449,Andar,
414,1964,3080,18020,350,2796,-5048,Andar,
415,1400,2120,18056,1179,937,-5326,Andar,
416,-432,4012,20476,1602,3652,-7636,Andar,
417,-588,2488,17704,3911,2411,-4876,Andar,
418,136,4620,17680,1389,4262,-4287,Andar,
419,-948,3896,16644,1342,1985,-3097,Andar,
420,-308,5660,17220,467,656,-933,Andar,
421,-1160,5480,16208,-81,385,-3072,Andar,
422,-1512,6356,19228,-1659,-1780,796,Andar,
423,32,5840,16912,255,705,-161,Andar,
424,-220,5404,17328,4049,48,505,Andar,
425,-988,5616,17704,-1778,2305,-924,Andar,
426,-2464,4324,17724,-1260,1008,-1460,Andar,
427,-1692,4928,17708,-214,-2078,46,Andar,
428,-2796,3940,20216,-1644,2297,-2799,Andar,
429,-2840,3552,15992,-699,-1108,-2751,Andar,
430,-2540,3604,18240,-2270,-204,-725,Andar,
431,-1280,4156,17004,-430,-723,-38,Andar,
432,-1884,4832,16880,2915,38,-2465,Andar,
433,-3724,4256,15792,3905,1157,-1166,Andar,
434,-2528,5252,16764,1794,-707,-525,Andar,
435,-2772,5020,17220,-198,-50,-2084,Andar,
436,-1888,5868,18088,-429,-1305,-1084,Andar,
437,-2144,5332,19568,-280,-316,-1668,Andar,
438,-1408,4460,20044,1309,-1050,40,Andar,
439,-1040,4564,20356,571,-1068,-1469,Andar,
440,-564,4032,19544,727,-765,-2768,Andar,
441,-1124,4428,19708,-1428,-859,-6397,Andar,
442,-1480,3320,15812,855,2305,-2787,Andar,
443,-460,4448,15528,934,-1110,-1642,Andar,
444,-744,4424,15308,374,1277,-2022,Andar,
445,-368,5168,15484,1478,-1146,-1902,Andar,
446,-892,5228,16232,33,1018,-2985,Andar,
447,-1216,5708,16740,1342,-560,-815,Andar,
448,-1036,6028,17800,2356,-564,581,Andar,
449,-2144,6428,19600,1468,1094,-906,Andar,
450,-2896,5364,17296,3525,3770,2414,Andar,
451,-3192,6508,19288,845,17,495,Andar,
452,-4872,4608,20332,-3215,2842,1278,Andar,
453,-2596,5148,17836,-779,647,2482,Andar,
454,-3300,4820,16148,-251,182,668,Andar,
455,-3436,4004,17764,-1156,-31,2947,Andar,
456,-1152,4992,14440,2394,435,955,Andar,
457,-3444,4832,14860,1551,527,-604,Andar,
458,-3476,5416,15772,-128,-1296,1065,Andar,
459,-2156,6508,16896,982,-44,-672,Andar,
460,-3752,6332,16508,2532,801,-1123,Andar,
461,-2904,6900,17432,1422,-1497,2441,Andar,
462,-2364,5904,17580,1293,922,1567,Andar,
463,-4144,5472,20032,-1789,-606,3296,Andar,
464,-608,6928,18568,-485,-2772,2679,Andar,
465,-1352,4464,19356,-3632,443,-1186,Andar,
466,-1160,4928,16432,365,-917,699,Andar,
467,-2292,4184,18228,-1957,1157,-157,Andar,
468,-1292,4896,16652,1140,744,2904,Andar,
469,-516,5556,15436,-76,1952,703,Andar,
470,-1628,4240,15028,416,2195,3925,Andar,
471,-772,5464,16624,-792,1878,6662,Andar,
472,-1712,5936,16432,1135,5394,7135,Andar,
473,-3268,6016,17772,-2329,2331,7289,Andar,
474,-2208,6584,19056,2764,6655,9737,Andar,
475,-4688,6044,18432,-2704,4590,4164,Andar,
476,-5052,4452,15556,-1893,7202,5697,Andar,
477,-4412,4336,16828,-6038,-1018,2880,Andar,
478,-4324,4212,17340,-3296,3476,3526,Andar,
479,-5028,3572,19984,-5582,-1747,-2316,Andar,
480,-4232,3148,17124,1,2533,-402,Andar,
481,-4684,4072,16796,-1390,-1001,-3346,Andar,
482,-6568,2740,18148,1290,1037,-3394,Andar,
483,-5056,4084,16252,429,-2448,-4521,Andar,
484,-5436,2828,18764,626,-2120,-6909,Andar,
485,-3836,4060,16720,1991,-1557,-5475,Andar,
486,-4880,3480,18236,-833,-4691,-7745,Andar,
487,-3576,3404,19140,147,-4505,-3102,Andar,
488,-2776,3992,18976,687,-1985,-4702,Andar,
489,-5240,2756,19664,-736,-2447,-4124,Andar,
490,-1920,3424,18736,551,-1411,-1211,Andar,
491,-2084,3112,16288,779,1488,-2996,Andar,
492,-3500,2184,17144,586,-590,2812,Andar,
493,-1640,4056,16744,1579,-54,3166,Andar,
494,-3968,2072,17072,2060,1463,1750,Andar,
495,-3012,3228,18292,1778,-171,4952,Andar,
496,-2520,3132,17372,3140,2045,2320,Andar,
497,-3212,3528,17800,1960,2325,4665,Andar,
498,-1584,7436,17488,870,3741,3034,Andar,
499,-4260,6844,17992,1570,3370,1915,Andar,
0,-1852,-4792,17604,-144,-73,129,Correr,
1,-2020,-4704,17728,55,242,40,Correr,
2,-1924,-4840,17624,-119,-72,3,Correr,
3,-2008,-4804,17652,124,98,-60,Correr,
4,-1720,-5196,17920,-92,18,-279,Correr,
5,-1972,-4896,17888,-46,82,-197,Correr,
6,-1508,-5180,17784,-395,42,-397,Correr,
7,-1620,-5100,17452,9,246,-1,Correr,
8,-1384,-5164,17980,-863,65,-457,Correr,
9,-904,-5672,16808,-997,928,-398,Correr,
10,-1676,-5712,15180,-95,1002,-640,Correr,
11,-1124,-8120,14256,-1069,1232,-1874,Correr,
12,-908,-9960,14776,-195,-225,-354,Correr,
13,-1856,-10060,17852,-2440,-480,212,Correr,
14,-3020,-9132,15432,-6631,-546,-1538,Correr,
15,-4064,-12124,20052,-5757,1547,-1089,Correr,
16,-5296,-11808,21984,-11525,-6416,-5624,Correr,
17,608,-12284,18868,-8554,-4363,-2055,Correr,
18,1228,-9368,19084,-3017,-7667,-2616,Correr,
19,3004,12,11948,-3408,1376,-3351,Correr,
20,4204,1384,-2012,-198,5464,-2473,Correr,
21,3776,-2548,8728,9818,-8142,9089,Correr,
22,-292,-13732,19412,4841,-12435,17948,Correr,
23,-5464,-20240,32767,2814,-6742,18598,Correr,
24,-3792,-22836,27976,-11020,-4862,6281,Correr,
25,-656,-13620,16236,-15012,-5627,-2853,Correr,
26,3212,-6996,640,-9112,-3184,-6264,Correr,
27,1064,-2028,-4188,6201,-1713,6630,Correr,
28,-5180,-1768,8244,10861,7822,4412,Correr,
29,-9236,-6768,3768,5276,6583,4564,Correr,
30,-15048,-16464,21544,4380,128,-5773,Correr,
31,-14016,-21712,32724,-9803,31246,-2070,Correr,
32,-4392,-19508,32767,-25636,2693,-17738,Correr,
33,-180,-12432,19900,-1095,20670,-10164,Correr,
34,-1988,908,13440,-2617,6595,-13971,Correr,
35,7688,-1112,6628,-10428,4802,-13688,Correr,
36,660,-136,8088,-129,9064,-6445,Correr,
37,-2900,-4680,9712,-9312,4282,-8480,Correr,
38,-4664,-17668,10348,4724,18721,-2042,Correr,
39,-11940,-11344,16076,-4046,18802,-7958,Correr,
40,-1724,-24664,19000,-671,22367,-14131,Correr,
41,-11084,-9132,17784,10895,24088,-14348,Correr,
42,6140,-10964,11336,-3167,21287,-14730,Correr,
43,-4792,4200,6116,7403,19954,-4875,Correr,
44,-2376,-2616,9132,9253,19888,-16495,Correr,
45,-10676,1636,7380,10974,26829,-14957,Correr,
46,-3408,-15952,15404,8452,19159,-19768,Correr,
47,-9104,-17092,24672,8982,23662,-16970,Correr,
48,-9364,-16932,15520,3259,26108,-15526,Correr,
49,-8068,-12416,16516,5741,15122,-18657,Correr,
50,-2156,-15476,18696,5633,12137,-15099,Correr,
51,2144,-12868,14656,8758,7022,-16488,Correr,
52,4600,-10980,5136,3288,2993,-14797,Correr,
53,-4892,-11248,4940,7908,4257,-7856,Correr,
54,-8120,-6972,17576,-812,-18,-18261,Correr,
55,-2408,-7780,13048,-1258,13157,-9307,Correr,
56,1584,-2444,8256,3490,-956,-15087,Correr,
57,3504,-7088,15372,5813,5582,-3323,Correr,
58,-3532,-8856,24508,5404,2053,-3970,Correr,
59,1440,-13980,28600,2154,5718,-3842,Correr,
60,2036,-10064,20692,1763,6669,1199,Correr,
61,2152,-11964,17024,1278,4016,127,Correr,
62,72,-16192,19804,273,5282,3488,Correr,
63,-28,-16376,19656,-3482,73,-1720,Correr,
64,2272,-12520,16016,-3038,1542,-1024,Correr,
65,2648,-10936,12656,-426,-3667,-1077,Correr,
66,-284,-2344,7536,1867,-2268,1673,Correr,
67,8364,-12952,4308,-4428,-3705,190,Correr,
68,-3856,-6920,7864,3834,4241,1371,Correr,
69,3560,-16268,25692,-11074,-6220,-2357,Correr,
70,-468,-7624,17872,-242,1469,-198,Correr,
71,3936,-11928,21256,-458,662,-1926,Correr,
72,3648,-11396,15744,405,-932,1399,Correr,
73,1516,-5536,17700,2220,2002,4508,Correr,
74,2852,520,8908,1655,-2651,4366,Correr,
75,-1988,-1416,12424,1850,-48,10164,Correr,
76,-2052,-8308,11588,965,2093,14626,Correr,
77,-8036,-10672,30744,-9183,-4126,7292,Correr,
78,8384,-10864,13664,-5825,3116,7396,Correr,
79,3112,-6024,11660,-68,-3399,8719,Correr,
80,24,-8120,20260,-287,-11526,8307,Correr,
81,-3884,-1932,12048,3720,1244,10251,Correr,
82,-336,-3136,8188,3430,-6557,6824,Correr,
83,-5852,-10424,22912,2799,-13002,4969,Correr,
84,-10452,-7116,32767,-4673,374,-1161,Correr,
85,3460,-6268,21708,-680,-3191,-647,Correr,
86,5536,-3172,20468,6832,439,8978,Correr,
87,548,1512,18260,4075,-3993,5930,Correr,
88,5320,-6212,21944,969,-18167,13556,Correr,
89,2008,-6100,19640,1934,-2773,20423,Correr,
90,1492,1232,7976,-5585,-10290,13132,Correr,
91,1424,1456,13844,1288,-2351,26864,Correr,
92,648,1792,17356,4202,-1199,25390,Correr,
93,2064,444,24992,-4725,-5843,30001,Correr,
94,1892,-2004,21792,2416,-2936,26525,Correr,
95,5540,-2944,24424,-4333,-12277,22344,Correr,
96,4488,-5444,26228,-10975,-11381,28205,Correr,
97,516,-6072,29104,-9586,-10685,30290,Correr,
98,-2972,-6684,26188,-14451,-8856,26906,Correr,
99,-3788,-3032,8064,-13188,-14869,21381,Correr,
100,-8672,-3028,4764,-3124,-2264,16605,Correr,
101,-6784,-8956,10732,-6185,-4782,17747,Correr,
102,-14020,-10916,11384,763,447,794,Correr,
103,-15596,-22340,30068,-12155,-4184,2605,Correr,
104,-13616,-11176,14480,-6534,3421,-9133,Correr,
105,-9984,-14180,28124,-13550,-7398,-13734,Correr,
106,-1844,-11168,11460,-9561,-5424,-12190,Correr,
107,860,-4288,10580,-7939,-3225,-4558,Correr,
108,5032,4712,4460,-9708,-9375,-5200,Correr,
109,7076,-1704,7228,3580,-919,-691,Correr,
110,-4264,-972,16732,2732,2002,4438,Correr,
111,-3820,-15548,17752,6172,6579,1406,Correr,
112,-7904,-19968,25648,-8328,14501,7,Correr,
113,1288,-18212,8196,-676,8426,-7332,Correr,
114,-5896,-13584,13004,-8894,10248,-4745,Correr,
115,-4456,-8124,5480,1074,13876,-493,Correr,
116,-1028,-5136,5840,-1018,11307,-7448,Correr,
117,-1444,-6016,956,-2901,14947,-2286,Correr,
118,-11484,-4524,2584,13319,15583,-8946,Correr,
119,-16876,-12008,23252,194,12289,-11185,Correr,
120,-17264,-10600,15500,20995,19417,-11870,Correr,
121,-20572,-4588,24452,9874,15132,-19139,Correr,
122,-13352,-8080,25168,18460,21480,-26520,Correr,
123,-6440,-3496,18020,17703,18948,-25128,Correr,
124,-4104,-4776,12820,11725,13921,-20574,Correr,
125,-6668,-2896,10652,15083,17427,-16356,Correr,
126,-5456,-6432,18060,9671,6113,-19588,Correr,
127,-5756,-7584,18928,2054,9502,-18120,Correr,
128,-11396,-2096,20824,5085,-446,-24533,Correr,
129,-212,-11456,23940,-4444,10868,-21837,Correr,
130,-1128,-4924,13996,3875,2881,-16671,Correr,
131,4892,-6412,19532,2854,7925,-16318,Correr,
132,8068,-2440,14164,3226,-3732,-10013,Correr,
133,4596,-11276,14192,5082,7816,1001,Correr,
134,-11536,-4024,19524,368,907,-3891,Correr,
135,-1692,-10812,14816,-527,6773,-2140,Correr,
136,1668,-6364,13244,1454,3445,-991,Correr,
137,4888,-11600,23060,-3776,2088,579,Correr,
138,1988,-9248,23452,1533,-22,1868,Correr,
139,1808,-11804,18112,1696,-4855,1376,Correr,
140,340,-5676,14996,-1160,-3575,2253,Correr,
141,3024,-5944,2684,3636,-2946,5446,Correr,
142,-6428,-5568,19596,1298,-5128,2639,Correr,
143,-116,-7880,25888,-1712,-675,2462,Correr,
144,-1064,-1356,16376,7666,12204,454,Correr,
145,-6044,2564,25320,7841,-4483,1148,Correr,
146,1132,-1364,15296,6585,-4533,6456,Correr,
147,-3896,5720,15268,8334,-1755,10948,Correr,
148,-772,3252,13448,-360,-744,7077,Correr,
149,5096,-3488,5232,-705,194,15331,Correr,
150,-9648,-1716,32767,-11145,-7402,11619,Correr,
151,1236,284,11096,-4042,18693,19862,Correr,
152,316,2220,14472,4479,-2262,5369,Correr,
153,5496,44,20348,7944,-179,9640,Correr,
154,9104,148,17488,9088,-3012,4486,Correr,
155,-2872,7392,25496,13149,-5980,13397,Correr,
156,-5492,5096,19568,16000,-3674,3406,Correr,
157,-7248,11980,32767,2770,-14989,5622,Correr,
158,-3996,9944,20100,-6501,2946,8959,Correr,
159,260,9060,12460,-8928,-3665,7257,Correr,
160,1616,7736,10316,-8602,-357,8948,Correr,
161,8116,1036,14172,-885,-7809,6536,Correr,
162,8484,1712,21476,-9790,402,11459,Correr,
163,8352,2636,17524,-6730,-3140,12918,Correr,
164,7968,7428,18116,-7018,-138,15060,Correr,
165,9032,3644,22872,-8457,2206,22702,Correr,
166,5976,1804,21856,-8472,5,21884,Correr,
167,8064,-3260,20776,-12928,-4061,20288,Correr,
168,9908,-9364,19520,-10075,-11467,22402,Correr,
169,1852,-9352,18508,209,-5193,25389,Correr,
170,-892,-6560,11628,-9464,-3143,28627,Correr,
171,348,-11208,9312,-11181,-3381,17582,Correr,
172,-10584,-2236,8052,-3844,-6731,25037,Correr,
173,-5656,-15296,21388,-14462,-3046,4704,Correr,
174,-8336,-8392,9560,-7522,-1360,11954,Correr,
175,-12380,-11888,15188,-8361,1093,-79,Correr,
176,-6044,-14376,16244,-3013,-1725,1521,Correr,
177,-5288,-7944,15780,-2393,796,5246,Correr,
178,-5516,-6168,13604,1771,-4416,5973,Correr,
179,-5332,-7404,17788,-3149,-4557,-4052,Correr,
180,9584,-11500,14048,-16730,-10143,4845,Correr,
181,-7652,-1072,16112,-3113,-18,1053,Correr,
182,-7916,-5288,7640,-3891,-1924,7571,Correr,
183,-2772,-12704,12680,-3409,3870,-6818,Correr,
184,-6104,-14288,3948,5587,6858,3289,Correr,
185,-9576,-18112,17440,8284,1888,-16297,Correr,
186,-6972,-15668,11548,1360,13523,-1714,Correr,
187,-3096,-7620,7228,5591,8469,-14735,Correr,
188,244,-4304,8736,5414,16773,-8469,Correr,
189,1160,-5692,9520,3689,9439,-16689,Correr,
190,-2116,-8408,13512,4123,16708,-8061,Correr,
191,-10640,-10292,15928,2435,-2591,-7998,Correr,
192,-17396,-8300,20868,9180,20184,-8123,Correr,
193,-8384,-17172,18476,5769,2956,-10135,Correr,
194,-17592,-5772,24784,13829,6955,-13796,Correr,
195,-3980,-8556,28264,3258,407,-21423,Correr,
196,-1532,-320,8052,9295,19469,-16323,Correr,
197,-936,1128,4924,7953,4525,-20862,Correr,
198,-380,-6428,11428,6708,10115,-15650,Correr,
199,-9240,-8552,10420,6383,11508,-13119,Correr,
200,-11244,-9452,21412,2770,7237,-18636,Correr,
201,-2864,-8560,20208,2548,4677,-27123,Correr,
202,-432,-16096,26244,2649,4986,-23256,Correr,
203,-6456,-7596,23652,-2637,4890,-18684,Correr,
204,-2328,-6024,15636,4946,7710,-20341,Correr,
205,-1020,-3752,16676,11621,3721,-16170,Correr,
206,5472,-6496,18484,6991,-1376,-12646,Correr,
207,1196,-3448,10468,4593,4746,-4619,Correr,
208,2428,-5184,11328,7026,-1775,-2373,Correr,
209,-1208,-2664,29300,-2316,1265,-4372,Correr,
210,6816,1508,8052,-2554,7159,-1994,Correr,
211,5464,420,18280,4727,337,-4749,Correr,
212,10408,-8360,27140,2948,-3122,925,Correr,
213,3592,-8112,27964,6932,-2950,1558,Correr,
214,4928,-6816,21484,-1379,-7148,7089,Correr,
215,1380,-916,10532,2634,338,10514,Correr,
216,2204,12,44,246,-708,15244,Correr,
217,-4772,-4452,16336,4596,8689,5137,Correr,
218,1416,-2476,32767,-6107,10477,11179,Correr,
219,-3160,6948,13776,6320,5985,3921,Correr,
220,1920,8232,29096,-5525,-12792,-3523,Correr,
221,3540,2508,19300,2938,3312,4312,Correr,
222,2340,3364,13248,4626,-3860,9911,Correr,
223,-960,3892,14752,4281,2340,10512,Correr,
224,3712,2780,17940,-1018,-8641,12503,Correr,
225,4852,2872,20044,5437,3470,16938,Correr,
226,1680,5576,19936,-8666,-5908,22835,Correr,
227,1556,-100,26940,-4389,1553,21066,Correr,
228,1816,3500,24032,-1607,516,11373,Correr,
229,8548,-3352,23884,-2260,1283,11744,Correr,
230,-272,1968,13940,-2525,9208,16516,Correr,
231,4648,-2420,16496,-794,-4511,6074,Correr,
232,344,-1280,17692,-1129,4865,12493,Correr,
233,-2648,-1832,12084,-2303,2154,7634,Correr,
234,-568,2196,13256,-3516,189,10294,Correr,
235,3948,-624,16100,-2439,-275,8041,Correr,
236,5376,-704,19556,-4111,-7670,17240,Correr,
237,3436,-2872,24228,-3489,-3737,17860,Correr,
238,6616,-6132,20804,-6885,-5784,17501,Correr,
239,4276,-8044,20236,-7912,-6473,21282,Correr,
240,1868,-10084,20400,-11372,-5807,18903,Correr,
241,10036,-16704,17236,-13255,-16139,25645,Correr,
242,-11740,-9348,26104,1869,10028,18317,Correr,
243,140,-14460,10536,-18497,-3159,7233,Correr,
244,-4392,-4636,9616,-7093,3632,8081,Correr,
245,-1196,-7152,13308,-13090,-9451,-3629,Correr,
246,-5396,-9244,14008,-4276,6730,2513,Correr,
247,-2160,-19676,19228,-13671,-11839,554,Correr,
248,-3644,-18536,22160,-11265,2629,938,Correr,
249,-4540,-13652,11412,-9780,-7730,-912,Correr,
250,-1620,-7296,8332,-3880,-8195,4158,Correr,
251,3200,-9488,17404,-11588,-9660,5439,Correr,
252,-3556,-636,9308,-3524,-4961,10518,Correr,
253,1716,-3052,19168,-17160,-8983,5680,Correr,
254,12824,-5868,-3652,-4587,6966,-3473,Correr,
255,-14748,1272,18244,10730,-6101,7592,Correr,
256,-5320,-11572,-948,10984,7016,-2402,Correr,
257,-5372,-25308,15972,16682,1740,-11212,Correr,
258,-4888,-25252,12156,6888,7427,-2796,Correr,
259,-11432,-16292,14224,4615,13323,-14881,Correr,
260,2288,-13852,6852,-2687,5103,-12943,Correr,
261,-1596,-7508,9312,5033,18052,-16611,Correr,
262,1780,-14580,6488,-18574,26760,-7493,Correr,
263,-24200,-11508,23928,8097,13937,-8611,Correr,
264,-10200,-12668,15824,4676,22084,1195,Correr,
265,-13392,2456,16592,6536,9998,-16619,Correr,
266,-2440,-14204,20152,12770,6161,-2954,Correr,
267,-14460,-2752,18008,13130,6114,893,Correr,
268,-2728,-9024,18404,10827,2371,-5757,Correr,
269,-10844,-2124,9624,9750,10750,-4756,Correr,
270,-5892,-8848,11264,9673,6157,-12807,Correr,
271,-9904,-4896,17008,6626,12628,-8467,Correr,
272,-3460,-8728,13948,7335,16633,-19314,Correr,
273,-6608,-5004,16340,7863,14185,-14646,Correr,
274,-3956,-7604,20312,12518,12705,-23222,Correr,
275,-7136,-5328,17792,7326,11833,-17025,Correr,
276,-7172,-5732,16168,7839,2539,-20895,Correr,
277,-5928,-6808,17448,4528,4308,-15890,Correr,
278,-4644,-10000,14488,9337,-355,-18023,Correr,
279,-8076,-12064,13504,8549,6615,-8417,Correr,
280,-8436,-10736,15548,4471,-7906,-19133,Correr,
281,-7344,-10136,20556,6468,7865,-10139,Correr,
282,-3112,-7712,16568,2803,-4017,-21998,Correr,
283,32,-8308,18928,5414,9989,-6124,Correr,
284,1412,-1708,13572,7741,2691,-9571,Correr,
285,5428,-3000,14944,7864,7232,887,Correr,
286,-3648,1220,21352,3984,-984,-3122,Correr,
287,2188,-4372,20752,1426,5070,804,Correr,
288,-4248,1848,15836,1579,-1823,-3085,Correr,
289,1952,-4668,25512,-6840,-7174,-1105,Correr,
290,796,-4104,23280,7647,4077,-670,Correr,
291,1332,-5860,19604,-1764,-9009,2683,Correr,
292,2112,-8312,15564,533,-2132,2459,Correr,
293,-712,-5340,6956,1476,-7154,8030,Correr,
294,-6884,-4736,23548,6319,1758,952,Correr,
295,540,-2020,16516,1327,5793,1565,Correr,
296,676,3684,18508,4576,3887,-5428,Correr,
297,-4592,11408,23388,5641,-2859,-4763,Correr,
298,920,3172,14508,15445,-1468,317,Correr,
299,-144,3716,20624,2845,-2939,9763,Correr,
300,272,8308,8452,4354,322,15789,Correr,
301,2944,6100,17972,-1670,2281,9212,Correr,
302,-64,2932,13864,-1429,-222,23864,Correr,
303,-5416,9280,28328,585,4801,13111,Correr,
304,2592,3236,7636,3671,6753,8469,Correr,
305,1212,5536,15932,6693,-1498,6407,Correr,
306,2636,3412,15072,5253,-6765,-2131,Correr,
307,6368,9508,25908,9224,-4815,1751,Correr,
308,10424,16240,7380,14574,13057,6034,Correr,
309,388,18880,18752,8248,-11927,18598,Correr,
310,2104,9300,23204,7616,-2535,17274,Correr,
311,-3264,17748,20848,7514,4116,18227,Correr,
312,9468,9568,14200,4216,-5608,16569,Correr,
313,292,13248,18916,-6720,2039,10404,Correr,
314,7796,7352,14384,-11251,181,11577,Correr,
315,5256,8244,16056,-10279,1688,9546,Correr,
316,10724,2452,15752,-6887,2413,9795,Correr,
317,6292,6948,14356,-6190,6701,11691,Correr,
318,9404,4172,17852,-12885,1770,12987,Correr,
319,9504,3164,12288,-6208,4332,13178,Correr,
320,9920,-1296,15764,-5282,-587,15261,Correr,
321,10104,-4256,15416,-7211,3269,15575,Correr,
322,6640,-6472,22140,-6258,2980,17489,Correr,
323,4432,-8120,14384,-6570,7265,16160,Correr,
324,6768,-8996,17368,-8108,875,13051,Correr,
325,1904,-7588,9468,-4524,10441,10575,Correr,
326,-3464,-9504,13764,-5214,-3571,5948,Correr,
327,-4480,-14220,30540,-10393,946,-907,Correr,
328,2168,-10924,6640,-9981,4104,-4402,Correr,
329,-4828,-6964,13328,2798,-8300,-10671,Correr,
330,504,-7192,18544,3702,-3489,-8125,Correr,
331,6060,-1748,11772,8733,-2479,-6799,Correr,
332,7028,312,7984,4197,17,1781,Correr,
333,7224,-4760,19712,4451,-16311,7625,Correr,
334,4440,-7680,19356,78,4786,10624,Correr,
335,-92,-3424,24892,-4590,-14967,8759,Correr,
336,7832,-3736,13112,-4690,5188,1952,Correr,
337,4464,-4864,15596,8227,-4228,2132,Correr,
338,2904,-10412,10120,8440,9268,6469,Correr,
339,-4684,-9232,10408,8019,3086,5964,Correr,
340,1728,-15952,12908,-2392,6101,-592,Correr,
341,-9072,-5856,12832,-1124,15111,-6779,Correr,
342,2140,-10808,19004,-9624,2006,-13277,Correr,
343,-9916,-5608,31356,-1050,16202,-19507,Correr,
344,-1700,-3132,21492,-2378,-3610,-11940,Correr,
345,1024,408,27448,-1244,8767,-9701,Correr,
346,3340,-4412,19084,5684,3544,-3483,Correr,
347,-1280,-1660,18096,4185,1878,2933,Correr,
348,1376,-2648,15900,1140,-6633,-95,Correr,
349,1500,-4424,16120,2265,-2866,1790,Correr,
350,-8276,-4532,7548,4051,6979,3222,Correr,
351,-6956,-5836,18724,279,-6807,-9805,Correr,
352,-1192,-12024,24488,-1595,12033,-7333,Correr,
353,-7220,-324,12132,2730,4702,-5792,Correr,
354,-2116,-4812,22928,1980,7059,-17779,Correr,
355,-5936,-676,11940,3025,13646,-17676,Correr,
356,1356,-6156,20484,-3997,-964,-24391,Correr,
357,-3068,-6576,18064,-2394,9418,-11899,Correr,
358,-6740,-5864,20464,-202,-2264,-18601,Correr,
359,-4388,-5992,19888,-2708,6435,-16595,Correr,
360,-3944,-7208,14788,634,-3,-15788,Correr,
361,-1104,-5316,19128,1823,-1110,-16817,Correr,
362,60,-8264,12576,4203,3971,-14147,Correr,
363,-3504,-3952,17448,7420,-733,-17274,Correr,
364,-1548,-7748,24672,9848,6223,-12277,Correr,
365,-5916,2248,18148,12392,8363,-13058,Correr,
366,-3648,984,14868,11842,11719,-13656,Correr,
367,-32,4196,13300,12551,10976,-20878,Correr,
368,5060,1204,26116,9324,4713,-13090,Correr,
369,2308,364,17336,636,6929,-5970,Correr,
370,-264,452,19804,-2008,3683,-2538,Correr,
371,-1436,3100,22660,-4323,-1389,5942,Correr,
372,-1148,964,25668,-2068,-3080,2139,Correr,
373,2456,-1456,24616,-4808,537,6979,Correr,
374,236,-1840,10880,-4476,2252,7133,Correr,
375,-3424,-920,9760,2140,5396,6065,Correr,
376,-4016,-1616,14728,-848,10546,-1160,Correr,
377,-7308,8940,19176,231,7919,-5444,Correr,
378,-2840,10396,15104,11866,6789,-6712,Correr,
379,-6948,16540,9436,15581,-5125,353,Correr,
380,-5468,6592,23368,18464,-13024,7306,Correr,
381,-7224,11668,16844,2632,11509,12775,Correr,
382,-8568,9220,16976,3245,-11039,10468,Correr,
383,-2596,5336,20648,-6912,7618,10904,Correr,
384,3304,7948,8212,-8465,1953,6276,Correr,
385,2012,8104,19476,-14623,6826,18010,Correr,
386,-4556,13620,20508,-16949,18629,16959,Correr,
387,-3256,13336,16028,-4717,15766,9192,Correr,
388,-4644,10484,19184,6811,4440,-232,Correr,
389,2304,5768,19464,4758,-3734,3572,Correr,
390,1968,8332,24812,-3013,2467,12473,Correr,
391,-3908,7936,16552,-5930,5518,16132,Correr,
392,-5040,8584,21592,-10253,-4044,17176,Correr,
393,-1120,9008,17092,-16079,4538,13886,Correr,
394,2228,6344,11356,-11962,-2377,17932,Correr,
395,1372,1424,14988,-7565,-1243,19550,Correr,
396,3820,1992,13632,-9728,-4488,24471,Correr,
397,-3612,2892,16284,-2048,-551,10602,Correr,
398,1128,-316,15708,-11307,-435,13916,Correr,
399,64,1692,17996,-9131,-3509,11711,Correr,
400,3836,584,24664,-8784,-6347,11503,Correr,
401,4408,-4552,22960,-9068,110,10447,Correr,
402,5732,-9768,28424,-5376,-7304,9883,Correr,
403,3880,-9424,15756,-17624,7867,12539,Correr,
404,1784,-6944,14512,-14917,-5505,8365,Correr,
405,2404,-9268,14892,-9231,5160,12765,Correr,
406,-6224,-13992,24748,-14968,-8219,5209,Correr,
407,-3284,-23524,27156,-18916,-116,7837,Correr,
408,-12404,-8688,22572,-29198,-10221,-2873,Correr,
409,-1060,-9532,9304,-18415,-5236,-268,Correr,
410,-8112,-1784,13916,-4845,-11997,-1807,Correr,
411,176,-1704,10512,-6025,-2446,-3929,Correr,
412,-400,6828,784,-5236,-5104,-3712,Correr,
413,7668,-3848,13132,-958,-11630,-5604,Correr,
414,-948,-2428,2612,8491,8728,7027,Correr,
415,24040,-14436,19124,8077,-14746,-3821,Correr,
416,-14648,-3892,12296,13748,22326,4544,Correr,
417,5264,-21312,11928,10525,-7798,-2943,Correr,
418,-3512,-13128,23224,18374,7557,5004,Correr,
419,6312,-18600,11204,2640,-8220,-4826,Correr,
420,-3996,-11912,8920,10835,6985,5837,Correr,
421,-64,-16560,13488,-1078,-2246,-13288,Correr,
422,-8412,-4216,23040,-2987,17060,-1696,Correr,
423,-4440,-13224,23268,-91,5834,-11917,Correr,
424,-6108,-2852,20352,2268,14862,3353,Correr,
425,-2608,-3652,22100,1387,-2959,-11136,Correr,
426,-3544,-6192,29352,3858,6192,4550,Correr,
427,-6316,152,18292,3495,-4686,-3310,Correr,
428,-1608,-3508,20404,3377,-636,-1205,Correr,
429,-220,-4088,12152,4301,-2906,-6217,Correr,
430,696,-8848,19644,-749,-8874,-3524,Correr,
431,-3540,-7420,20224,624,-208,-769,Correr,
432,-2792,-6420,15940,-3874,-7039,-4331,Correr,
433,-2124,-6200,16312,289,3795,-6730,Correr,
434,-4396,-3440,10520,1602,5210,-13132,Correr,
435,-2280,-4000,17468,-3452,7536,-12397,Correr,
436,-2976,-1304,13524,1353,12749,-24315,Correr,
437,-436,-2088,15900,-1404,11658,-24052,Correr,
438,-2304,-784,17536,-675,17796,-28242,Correr,
439,-3516,-2500,21956,914,17611,-26685,Correr,
440,-4432,1384,18252,5183,19048,-32768,Correr,
441,784,-7872,20392,6196,9413,-23534,Correr,
442,-5088,-3172,21100,8273,11906,-17436,Correr,
443,-864,-8312,16924,8407,6116,-17874,Correr,
444,-8856,-6636,18692,5343,13703,-18115,Correr,
445,-4360,-7320,17548,3589,-236,-22313,Correr,
446,-740,-2440,29328,7874,2439,-32768,Correr,
447,6112,-7332,13972,10562,-4337,-11777,Correr,
448,-3424,-1844,26124,8734,-5834,-2618,Correr,
449,3180,1984,8784,-974,3537,822,Correr,
450,-644,504,2488,7852,11585,-1571,Correr,
451,-816,-3568,32767,2471,-1279,-3432,Correr,
452,-3344,2488,25496,-2039,4944,-5331,Correr,
453,5336,3744,18660,-7779,-7258,-5015,Correr,
454,3452,452,29656,-1430,-129,2824,Correr,
455,-212,1300,12500,685,-2015,4961,Correr,
456,3400,-1172,16672,2157,887,5955,Correr,
457,1564,-4204,5172,-2548,-1939,10180,Correr,
458,168,-1444,18104,-64,4974,9632,Correr,
459,-800,3948,12504,-903,521,4341,Correr,
460,-6324,10760,22920,2285,5882,5110,Correr,
461,-48,8104,20772,11247,-11112,10570,Correr,
462,-4596,8364,28836,-2392,-1483,8308,Correr,
463,56,3604,12568,7643,-4630,14939,Correr,
464,-5056,4292,19140,6125,4878,15742,Correr,
465,-3176,3236,17604,-5281,1530,17341,Correr,
466,-696,3052,12104,-5096,-570,12862,Correr,
467,4424,3836,15472,-7191,1147,21147,Correr,
468,-232,3496,31096,-9821,-8111,15899,Correr,
469,6824,3728,23940,-7277,5289,13057,Correr,
470,2376,5328,16148,7611,-2793,12048,Correr,
471,16372,-1464,20876,-484,-10853,-788,Correr,
472,13940,-544,19368,3584,77,19619,Correr,
473,-1648,3152,19360,-1115,2998,21407,Correr,
474,-1536,3312,14024,-3837,-6466,15827,Correr,
475,3468,2296,13636,987,-7927,10938,Correr,
476,3320,1432,16272,550,-3836,13377,Correr,
477,2824,-252,17212,728,-3940,14760,Correr,
478,3188,-2004,22412,-3596,-5267,9744,Correr,
479,9588,-5132,17092,-8163,-11654,8430,Correr,
480,10156,-5644,16284,942,1161,16675,Correr,
481,7040,-5308,10760,-921,-1842,14931,Correr,
482,8096,-7268,20220,-5628,-4379,10322,Correr,
483,7628,-8076,18152,-7188,7002,16467,Correr,
484,2956,-5908,14672,-6956,3288,12737,Correr,
485,3264,-9684,11304,-4680,5836,12540,Correr,
486,232,-10236,12120,-7943,2302,8720,Correr,
487,-7192,-19080,15128,-5157,6350,6179,Correr,
488,-7804,-17368,21284,-6615,1068,-1629,Correr,
489,-1412,-17232,17072,-6668,4143,-6920,Correr,
490,-3328,-12132,13204,-1481,3003,-4918,Correr,
491,-996,-3052,18860,1472,-1796,-11075,Correr,
492,4856,1040,13012,888,193,-5213,Correr,
493,6984,324,7944,110,-8484,-9076,Correr,
494,7776,-8364,21664,265,-6247,11976,Correr,
495,2140,-10452,15960,6342,-5703,6808,Correr,
496,4816,-14960,32428,-6274,-10442,7502,Correr,
497,-4092,-5248,4732,2062,646,5816,Correr,
498,6584,-9756,10560,2829,-12799,-4672,Correr,
499,-2880,-10304,8356,9395,12676,9970,Correr,
0,1548,-3248,18332,-209,75,167,Sentar,
1,1576,-3244,18116,-231,170,-136,Sentar,
2,1712,-3320,17964,-31,215,-133,Sentar,
3,1772,-3408,18132,58,-84,-2,Sentar,
4,1772,-3476,18204,-9,139,-72,Sentar,
5,1640,-3328,18104,17,37,-4,Sentar,
6,1672,-3352,18044,8,17,3,Sentar,
7,1680,-3384,18264,-42,53,-90,Sentar,
8,1796,-3384,17976,36,28,-26,Sentar,
9,1664,-3312,18068,44,-43,89,Sentar,
10,1664,-3316,18324,-87,109,-55,Sentar,
11,1716,-3236,18228,-143,-50,98,Sentar,
12,1820,-3316,18324,-91,137,-133,Sentar,
13,1960,-3356,17772,-26,194,206,Sentar,
14,1716,-3248,18080,107,-95,305,Sentar,
15,1664,-3328,18264,-27,-72,210,Sentar,
16,1828,-3372,17860,54,131,342,Sentar,
17,1832,-3364,17888,-60,109,310,Sentar,
18,1804,-3528,18404,202,-180,815,Sentar,
19,996,-2940,18348,-380,469,-102,Sentar,
20,1660,-3352,17516,-376,331,-31,Sentar,
21,1520,-2992,17784,373,81,466,Sentar,
22,1464,-3252,18384,183,921,372,Sentar,
23,1500,-3600,17176,-144,1230,-50,Sentar,
24,1580,-3428,16724,1291,878,280,Sentar,
25,1484,-3452,17088,766,-198,77,Sentar,
26,1104,-3304,16220,807,501,325,Sentar,
27,868,-3196,16684,1375,-539,197,Sentar,
28,556,-3328,18504,-348,-727,-77,Sentar,
29,1124,-3712,17264,-782,629,217,Sentar,
30,1320,-3992,18840,-1510,-173,150,Sentar,
31,1288,-3584,16004,-1415,3665,1206,Sentar,
32,1372,-3664,15848,-2487,2623,1037,Sentar,
33,572,-4468,18284,-1507,3894,1439,Sentar,
34,-360,-4148,18532,-3557,4234,1453,Sentar,
35,-1208,-3556,19308,-3685,5883,772,Sentar,
36,-2524,-3404,19080,-4590,4707,-713,Sentar,
37,-2540,-3600,19312,-7244,4620,-217,Sentar,
38,-3740,-3860,17404,-2156,6016,-107,Sentar,
39,-2684,-5160,19548,-8393,397,-3226,Sentar,
40,-2528,-6560,18444,-3955,5167,706,Sentar,
41,-3548,-5852,18636,-5638,1250,-2298,Sentar,
42,-1648,-8476,17252,-6835,3246,310,Sentar,
43,-4848,-5980,16232,-5059,720,-1201,Sentar,
44,-2952,-8840,17856,-7557,-590,-1618,Sentar,
45,-3280,-9536,15980,-5246,823,-1596,Sentar,
46,-2368,-9808,15820,-7884,-2558,-1467,Sentar,
47,-3312,-9316,13248,-4715,1583,-1140,Sentar,
48,-1224,-11892,8960,-2231,-1897,-290,Sentar,
49,-2756,-13044,10340,-62,-3644,4338,Sentar,
50,-1060,-15700,15584,1028,-1053,1712,Sentar,
51,-4632,-10704,12664,-3620,-804,7319,Sentar,
52,-4316,-10132,12012,313,1446,2205,Sentar,
53,-5800,-9144,12120,-613,140,5680,Sentar,
54,-4244,-10656,12768,-1838,-265,53,Sentar,
55,-5364,-10952,13196,2025,955,3265,Sentar,
56,-5060,-11632,13396,708,-4336,-1941,Sentar,
57,-4132,-12724,16216,2319,-346,1055,Sentar,
58,-3800,-10416,12472,98,86,-476,Sentar,
59,-3612,-10044,12560,1078,-1743,1062,Sentar,
60,-4544,-9844,14160,753,-1753,-1461,Sentar,
61,-2652,-11844,15184,329,-1675,-870,Sentar,
62,-4252,-10628,14348,371,-1591,-502,Sentar,
63,-2604,-11600,15204,-321,-1517,-1721,Sentar,
64,-2728,-10756,13716,-76,-621,224,Sentar,
65,-3188,-9996,14472,-635,-1842,-255,Sentar,
66,-2504,-10896,13756,-776,-418,241,Sentar,
67,-3192,-10336,13648,-238,-1124,823,Sentar,
68,-3120,-10444,14152,-662,-705,308,Sentar,
69,-2984,-10576,13816,194,-78,359,Sentar,
70,-3388,-10312,14132,228,101,128,Sentar,
71,-3096,-10772,14024,234,266,3,Sentar,
72,-2992,-10520,14736,-160,-19,-477,Sentar,
73,-2512,-10864,14160,-454,232,-328,Sentar,
74,-2592,-10640,14072,-482,-12,232,Sentar,
75,-3004,-10448,14164,-152,-286,106,Sentar,
76,-3160,-10296,14348,-180,-420,-163,Sentar,
77,-2924,-10508,14076,28,77,-82,Sentar,
78,-2864,-10404,14204,43,-93,-377,Sentar,
79,-2892,-10404,14352,81,154,-134,Sentar,
80,-2616,-10564,14504,-149,106,-293,Sentar,
81,-2740,-10516,14280,-149,182,-64,Sentar,
82,-2632,-10488,13940,-92,405,-65,Sentar,
83,-2648,-10316,14124,102,-313,-113,Sentar,
84,-2680,-10488,14420,393,225,95,Sentar,
85,-2864,-10400,14500,2,-43,-155,Sentar,
86,-2716,-10688,14344,-49,38,-122,Sentar,
87,-2824,-10504,14408,75,198,160,Sentar,
88,-2668,-10520,14316,-113,27,-143,Sentar,
89,-2804,-10472,14416,-291,7,-66,Sentar,
90,-2716,-10376,13876,-2,107,-87,Sentar,
91,-2808,-10460,14548,-138,44,-226,Sentar,
92,-2824,-10376,14172,-93,120,-59,Sentar,
93,-2664,-10448,14328,-16,127,-289,Sentar,
94,-2480,-10704,14220,-124,266,128,Sentar,
95,-2864,-10412,14288,71,-10,-72,Sentar,
96,-2456,-10664,14120,62,22,-117,Sentar,
97,-2720,-10532,14236,71,-142,-2,Sentar,
98,-2628,-10500,14264,-138,-35,109,Sentar,
99,-2724,-10588,14204,-50,-185,-114,Sentar,
100,-2784,-10564,14592,-201,-4,331,Sentar,
101,-2792,-10656,14400,-404,519,-84,Sentar,
102,-3100,-10348,13876,-61,45,60,Sentar,
103,-2852,-10532,14116,-47,48,-272,Sentar,
104,-2620,-10676,14196,14,19,-176,Sentar,
105,-2768,-10532,14088,-12,113,14,Sentar,
106,-2720,-10600,14356,-113,-24,-125,Sentar,
107,-2728,-10428,14120,-55,130,-81,Sentar,
108,-2744,-10548,14280,-18,-93,11,Sentar,
109,-2804,-10556,14344,59,115,-92,Sentar,
110,-2840,-10480,14404,27,-24,36,Sentar,
111,-2728,-10508,14160,33,97,-27,Sentar,
112,-2644,-10444,13964,-54,10,-63,Sentar,
113,-2704,-10408,14356,243,-31,-26,Sentar,
114,-2676,-10528,14488,240,55,-103,Sentar,
115,-2648,-10660,14524,-253,-285,-72,Sentar,
116,-2584,-10636,14412,-185,16,-65,Sentar,
117,-3024,-10340,14328,-257,-15,178,Sentar,
118,-2752,-10472,14364,31,10,-269,Sentar,
119,-2712,-10484,14284,-183,8,-118,Sentar,
120,-2620,-10444,13996,4,-72,-178,Sentar,
121,-2712,-10432,14452,76,-5,29,Sentar,
122,-2760,-10304,14392,44,287,-128,Sentar,
123,-2488,-10588,14204,7,-8,-8,Sentar,
124,-2812,-10328,14444,54,69,-84,Sentar,
125,-2664,-10560,14252,-13,11,-34,Sentar,
126,-2740,-10456,14356,1,71,154,Sentar,
127,-2780,-10400,14456,-6,54,-78,Sentar,
128,-2804,-10372,14344,103,104,115,Sentar,
129,-2660,-10356,14200,-247,68,-195,Sentar,
130,-2676,-10412,14552,185,80,180,Sentar,
131,-2708,-10392,14400,-49,285,-40,Sentar,
132,-2636,-10456,14340,6,-70,-34,Sentar,
133,-2716,-10376,14496,-160,143,221,Sentar,
134,-2824,-10344,14092,-97,-95,-142,Sentar,
135,-2720,-10468,14304,-26,-95,-3,Sentar,
136,-2864,-10348,14224,-83,67,-182,Sentar,
137,-2668,-10456,14568,-14,24,-62,Sentar,
138,-2796,-10288,14508,-201,177,-111,Sentar,
139,-2676,-10372,14052,-41,205,-198,Sentar,
140,-2624,-10524,14480,-48,-137,56,Sentar,
141,-2724,-10304,14428,-159,170,-36,Sentar,
142,-2576,-10484,14136,28,7,149,Sentar,
143,-3104,-9964,14424,196,35,-26,Sentar,
144,-2696,-10480,14328,144,44,-211,Sentar,
145,-2424,-10656,14540,19,-151,15,Sentar,
146,-2936,-10284,14692,130,94,103,Sentar,
147,-2812,-10404,14580,-187,-139,-39,Sentar,
148,-2744,-10288,14524,-398,22,128,Sentar,
149,-2912,-10208,14128,-204,-59,33,Sentar,
150,-2628,-10332,14168,-10,142,-90,Sentar,
151,-2480,-10424,14192,79,14,-19,Sentar,
152,-2852,-10288,14336,181,159,228,Sentar,
153,-2772,-10332,14408,10,15,-157,Sentar,
154,-2540,-10432,14684,19,55,44,Sentar,
155,-2836,-10332,14312,-75,98,-64,Sentar,
156,-2696,-10412,14420,28,-17,-35,Sentar,
157,-2636,-10400,14532,-163,-101,-50,Sentar,
158,-2736,-10320,14324,1,131,111,Sentar,
159,-2852,-10296,14476,-65,69,-58,Sentar,
160,-2732,-10324,14468,-89,85,140,Sentar,
161,-2640,-10196,14220,165,-144,26,Sentar,
162,-2672,-10304,14340,40,117,-190,Sentar,
163,-2544,-10580,14272,-96,-371,187,Sentar,
164,-2996,-10100,14952,67,172,88,Sentar,
165,-2776,-10208,14428,-137,143,-257,Sentar,
166,-2400,-10480,14160,16,135,-38,Sentar,
167,-2640,-10352,14440,44,-268,108,Sentar,
168,-2776,-10364,14664,-30,171,-23,Sentar,
169,-2628,-10416,14472,-143,-81,46,Sentar,
170,-2688,-10104,14512,-218,59,-27,Sentar,
171,-2608,-10280,14112,72,130,151,Sentar,
172,-2876,-10220,14184,102,11,154,Sentar,
173,-2788,-10308,14872,59,-20,7,Sentar,
174,-2764,-10372,14388,-10,340,135,Sentar,
175,-2952,-10196,14276,-216,-156,15,Sentar,
176,-2660,-10388,14612,166,77,-121,Sentar,
177,-2712,-10356,14572,-109,83,-122,Sentar,
178,-2628,-10360,14468,15,-84,-4,Sentar,
179,-2756,-10332,14676,-191,-16,-19,Sentar,
180,-2512,-10564,14368,-158,9,76,Sentar,
181,-2896,-10260,14744,-404,-418,86,Sentar,
182,-2652,-10388,14488,-237,251,-6,Sentar,
183,-2680,-10232,14204,-274,99,88,Sentar,
184,-2948,-10000,14236,-292,-60,-25,Sentar,
185,-2720,-10276,14308,80,53,-291,Sentar,
186,-2540,-10460,14144,184,97,-4,Sentar,
187,-2616,-10388,14480,71,27,108,Sentar,
188,-2860,-10256,14560,23,95,51,Sentar,
189,-2564,-10308,14256,69,83,31,Sentar,
190,-2712,-10312,14676,-75,-232,-83,Sentar,
191,-2836,-10204,14340,2,123,69,Sentar,
192,-2824,-10204,14308,24,108,-99,Sentar,
193,-2692,-10316,14244,67,-20,52,Sentar,
194,-2828,-10236,14480,95,37,-131,Sentar,
195,-2408,-10412,14784,2,-14,-171,Sentar,
196,-2636,-10240,14596,92,67,126,Sentar,
197,-2664,-10228,14600,-203,13,-131,Sentar,
198,-2744,-10276,14748,12,23,67,Sentar,
199,-2564,-10360,14304,-106,42,0,Sentar,
200,-2772,-10244,14452,130,-19,-35,Sentar,
201,-2836,-10204,14520,-271,-119,-164,Sentar,
202,-2580,-10284,14428,61,246,32,Sentar,
203,-2748,-10184,14572,-40,3,-12,Sentar,
204,-2472,-10340,14520,12,193,-33,Sentar,
205,-2668,-10312,14376,72,68,125,Sentar,
206,-2984,-10012,14544,-69,-148,-68,Sentar,
207,-2684,-10336,14504,-48,248,-137,Sentar,
208,-2568,-10312,14560,-111,-142,12,Sentar,
209,-2688,-10196,14576,-20,160,38,Sentar,
210,-2772,-10116,14512,7,-127,-12,Sentar,
211,-2468,-10208,14548,53,147,-44,Sentar,
212,-2752,-10284,14536,-306,-63,89,Sentar,
213,-2884,-10228,14604,99,29,37,Sentar,
214,-2784,-10216,14520,-44,-80,-1,Sentar,
215,-2776,-10272,14664,-174,18,-22,Sentar,
216,-2892,-10192,14340,-78,125,-163,Sentar,
217,-2644,-10184,14684,13,-50,-65,Sentar,
218,-2688,-10336,14516,-147,68,-141,Sentar,
219,-2600,-10208,14416,-23,-85,-75,Sentar,
220,-2800,-10144,14484,59,186,-198,Sentar,
221,-2676,-10252,14396,222,-118,-71,Sentar,
222,-2808,-10140,14868,-44,-161,-105,Sentar,
223,-2576,-10388,14532,6,79,-24,Sentar,
224,-2864,-10080,14644,-25,-61,15,Sentar,
225,-2776,-10156,14596,-76,165,-106,Sentar,
226,-2372,-10188,14340,-39,80,-211,Sentar,
227,-2508,-10136,14648,201,-118,33,Sentar,
228,-2772,-10036,14580,-192,-147,-140,Sentar,
229,-2436,-10340,14828,94,84,80,Sentar,
230,-2832,-10148,14652,-163,-51,37,Sentar,
231,-2644,-10280,14632,-41,24,-101,Sentar,
232,-2764,-10148,14612,-127,-13,-34,Sentar,
233,-2692,-10200,14460,-162,-153,-229,Sentar,
234,-2528,-10256,14660,-53,97,-121,Sentar,
235,-2588,-10204,14744,-155,-21,-182,Sentar,
236,-2660,-10260,14440,-54,-72,-92,Sentar,
237,-2500,-10244,14788,-30,181,-74,Sentar,
238,-2560,-10116,14400,-112,78,-48,Sentar,
239,-2524,-10132,14568,40,126,42,Sentar,
240,-2628,-10060,14564,4,-79,110,Sentar,
241,-2668,-10200,14456,-3,127,-5,Sentar,
242,-2608,-10132,14788,58,-199,158,Sentar,
243,-2640,-10224,14844,-106,131,118,Sentar,
244,-2656,-10124,14620,21,143,45,Sentar,
245,-2544,-10120,14580,-160,24,-4,Sentar,
246,-2748,-10060,14536,228,159,118,Sentar,
247,-2528,-10272,14480,-95,-40,-33,Sentar,
248,-2772,-10164,14840,-45,2,125,Sentar,
249,-2688,-10176,14692,-200,78,-120,Sentar,
250,-2552,-10096,14492,21,74,130,Sentar,
251,-2632,-10116,14700,-106,38,-95,Sentar,
252,-2700,-10092,14660,42,-23,81,Sentar,
253,-2708,-10128,14644,-63,92,-22,Sentar,
254,-2676,-10132,14436,-27,25,89,Sentar,
255,-2732,-10116,14420,-42,106,-68,Sentar,
256,-2596,-10108,14600,0,-185,53,Sentar,
257,-2680,-10092,14760,71,90,-13,Sentar,
258,-2524,-10324,14628,-95,-96,-35,Sentar,
259,-2792,-10060,14696,-293,-3,-34,Sentar,
260,-2676,-10176,14468,-288,2,-49,Sentar,
261,-2652,-10016,14232,62,78,-1,Sentar,
262,-2560,-10240,14608,228,173,34,Sentar,
263,-2688,-10136,14716,-43,-94,-78,Sentar,
264,-2616,-10308,14588,9,167,-124,Sentar,
265,-2660,-10020,14576,93,164,82,Sentar,
266,-2768,-10000,14756,-131,-16,-152,Sentar,
267,-2500,-10124,14588,89,104,69,Sentar,
268,-2680,-9976,14556,-110,43,35,Sentar,
269,-2624,-10244,14756,-72,142,-29,Sentar,
270,-2696,-10072,14632,83,-37,85,Sentar,
271,-2564,-10016,14712,-142,-63,-170,Sentar,
272,-2584,-10152,14680,-54,28,-22,Sentar,
273,-2788,-10028,14672,-77,-193,101,Sentar,
274,-2744,-9996,14556,-152,81,41,Sentar,
275,-2744,-10040,14684,18,-47,-42,Sentar,
276,-2784,-10092,14748,69,123,37,Sentar,
277,-2720,-10108,15016,-89,918,-31,Sentar,
278,-2540,-10192,14148,-135,-172,-128,Sentar,
279,-2904,-9812,14596,-7,194,117,Sentar,
280,-2792,-9860,14412,139,82,-38,Sentar,
281,-2832,-9676,14624,-975,-2210,-696,Sentar,
282,-2288,-10248,14804,946,852,-126,Sentar,
283,-2288,-10544,15372,-623,-763,-112,Sentar,
284,-2804,-9904,14796,-86,641,28,Sentar,
285,-2492,-9972,14552,-274,-581,71,Sentar,
286,-2660,-9868,14728,50,596,229,Sentar,
287,-2716,-9904,14604,-41,104,46,Sentar,
288,-2728,-10072,14568,17,199,95,Sentar,
289,-2692,-9984,14816,92,144,-123,Sentar,
290,-2552,-10172,14752,-84,125,69,Sentar,
291,-2848,-9884,14660,-64,63,-87,Sentar,
292,-2552,-10180,14828,1,102,54,Sentar,
293,-2728,-10012,14592,-79,-23,146,Sentar,
294,-2772,-9948,14608,102,70,26,Sentar,
295,-2792,-9980,14716,50,-15,38,Sentar,
296,-2848,-9948,14520,92,101,36,Sentar,
297,-2692,-10072,14788,26,-132,-34,Sentar,
298,-2688,-9964,14788,-102,-3,-7,Sentar,
299,-2860,-9932,14720,146,213,-86,Sentar,
300,-2608,-10108,14964,-54,-242,-66,Sentar,
301,-2620,-10056,14804,-321,97,-80,Sentar,
302,-2692,-10132,14592,-234,-122,31,Sentar,
303,-2900,-9904,14648,-214,-109,-80,Sentar,
304,-2740,-9880,14652,-142,25,-177,Sentar,
305,-2564,-10028,14548,-9,-134,-153,Sentar,
306,-2692,-10084,14728,-27,-21,-34,Sentar,
307,-2620,-9944,14784,-132,-3,-138,Sentar,
308,-2544,-10152,14516,-87,12,-97,Sentar,
309,-2524,-10048,14712,-58,-25,-38,Sentar,
310,-2620,-10036,14708,37,7,21,Sentar,
311,-2652,-10056,14860,-66,141,-136,Sentar,
312,-2528,-10172,14644,-86,156,39,Sentar,
313,-2724,-9968,14632,-131,40,52,Sentar,
314,-2516,-9956,14484,66,-19,-3,Sentar,
315,-2660,-9988,14940,-70,-21,-46,Sentar,
316,-2628,-10020,14612,-75,0,15,Sentar,
317,-2648,-10012,14664,35,-46,-13,Sentar,
318,-2684,-10104,14712,-27,77,-21,Sentar,
319,-2580,-10108,14732,-85,-107,-72,Sentar,
320,-2608,-10028,14532,-78,123,-48,Sentar,
321,-2580,-10028,14736,-84,-76,40,Sentar,
322,-2652,-9980,14748,-200,203,-2,Sentar,
323,-2572,-9980,14532,56,153,64,Sentar,
324,-2600,-9956,14648,138,89,56,Sentar,
325,-2596,-9984,14744,97,147,52,Sentar,
326,-2712,-10032,14624,89,100,39,Sentar,
327,-2588,-10008,14728,-45,-190,28,Sentar,
328,-2760,-9996,15020,-16,134,86,Sentar,
329,-2628,-10176,14680,-128,51,-29,Sentar,
330,-2584,-9992,14820,-221,19,70,Sentar,
331,-2788,-9912,14792,-210,15,-48,Sentar,
332,-2572,-9972,14440,0,-24,-180,Sentar,
333,-2880,-9984,14416,254,63,-86,Sentar,
334,-3048,-10340,14744,-75,-465,-654,Sentar,
335,-2080,-10504,15640,-290,-175,-911,Sentar,
336,-2112,-10096,14900,-860,-466,-327,Sentar,
337,-2368,-9776,14252,-133,127,108,Sentar,
338,-2476,-9876,14420,-211,-51,-205,Sentar,
339,-2236,-10148,14704,-17,161,150,Sentar,
340,-2600,-9788,14496,-49,203,76,Sentar,
341,-2844,-10004,14416,114,95,-144,Sentar,
342,-1792,-10632,15120,-205,-50,-96,Sentar,
343,-2684,-9708,14456,-454,-72,78,Sentar,
344,-2552,-10028,14328,47,57,-99,Sentar,
345,-2244,-10176,14592,216,88,29,Sentar,
346,-2592,-10204,14896,-87,-150,-68,Sentar,
347,-2280,-10176,14820,-288,52,215,Sentar,
348,-2580,-9756,14352,-160,228,75,Sentar,
349,-2436,-9952,14628,225,109,78,Sentar,
350,-2464,-9992,14440,141,272,211,Sentar,
351,-2372,-10020,14776,116,-31,107,Sentar,
352,-2588,-10052,14384,279,276,101,Sentar,
353,-2896,-10208,14720,563,-576,-569,Sentar,
354,-1464,-10788,15812,-206,-731,-712,Sentar,
355,-2036,-10008,14756,-444,-23,418,Sentar,
356,-2788,-9596,14296,-220,-272,86,Sentar,
357,-2232,-10208,14648,-131,-69,19,Sentar,
358,-2408,-10120,14832,-380,46,104,Sentar,
359,-2676,-9784,14484,-13,213,160,Sentar,
360,-2372,-10104,14720,173,288,-106,Sentar,
361,-2328,-10252,14776,9,181,-16,Sentar,
362,-2388,-10040,14668,-40,152,-54,Sentar,
363,-2384,-9940,14736,17,232,-81,Sentar,
364,-2176,-10048,14704,91,204,26,Sentar,
365,-2604,-9964,14400,58,91,-18,Sentar,
366,-2484,-10080,15044,145,-297,-289,Sentar,
367,-1968,-10216,14964,-162,495,-57,Sentar,
368,-2396,-10036,14500,22,-168,-7,Sentar,
369,-2236,-10248,14648,119,-223,30,Sentar,
370,-2272,-10100,15164,-111,-15,-33,Sentar,
371,-2536,-9884,14696,-354,90,158,Sentar,
372,-2444,-10044,14556,-81,97,72,Sentar,
373,-3080,-9752,14564,223,439,679,Sentar,
374,-3176,-9508,14980,225,755,-100,Sentar,
375,-1900,-10076,14488,180,315,-918,Sentar,
376,-1508,-10316,14688,89,-240,-457,Sentar,
377,-2160,-10008,15092,335,-196,229,Sentar,
378,-2456,-10156,15392,-333,-137,-16,Sentar,
379,-2404,-10044,14992,-447,-54,-136,Sentar,
380,-2164,-10184,14468,-274,-190,-71,Sentar,
381,-2440,-9920,14776,-110,0,69,Sentar,
382,-2352,-10044,14444,-295,-11,143,Sentar,
383,-2672,-9960,14724,54,-257,154,Sentar,
384,-2760,-9856,15160,-134,129,-22,Sentar,
385,-2436,-9948,14576,-215,-6,-338,Sentar,
386,-2468,-10100,14768,6,-119,-307,Sentar,
387,-2212,-10112,14924,-302,78,-364,Sentar,
388,-1892,-10192,14340,89,173,-136,Sentar,
389,-2400,-10056,14588,-32,-154,168,Sentar,
390,-2420,-9980,14720,-71,-6,-239,Sentar,
391,-2044,-10184,14616,27,-110,19,Sentar,
392,-2452,-9904,14992,163,-132,-30,Sentar,
393,-2060,-10136,14904,-216,100,-191,Sentar,
394,-2152,-9972,14672,-22,-99,294,Sentar,
395,-2520,-9932,14500,235,324,142,Sentar,
396,-2604,-10012,14692,222,-154,-228,Sentar,
397,-2152,-10340,15156,-6,94,19,Sentar,
398,-2420,-9904,15000,-231,-29,-3,Sentar,
399,-2280,-9912,14828,-360,44,-104,Sentar,
400,-2260,-9928,14760,38,82,103,Sentar,
401,-2320,-10036,14716,-161,-91,49,Sentar,
402,-2428,-10100,14780,125,-46,184,Sentar,
403,-2568,-9948,15000,-184,43,-79,Sentar,
404,-2284,-10016,14396,-99,120,-214,Sentar,
405,-2144,-10040,14572,10,67,-137,Sentar,
406,-2088,-10148,14824,113,-68,152,Sentar,
407,-2752,-9624,14720,-160,-43,-47,Sentar,
408,-2372,-9988,14572,375,217,-100,Sentar,
409,-2348,-10180,14744,7,154,-227,Sentar,
410,-2268,-9944,14940,265,249,71,Sentar,
411,-2272,-9700,15260,77,29,-272,Sentar,
412,-2080,-9868,15144,-78,13,-380,Sentar,
413,-1800,-10252,14780,-213,118,34,Sentar,
414,-2144,-9984,14660,102,5,271,Sentar,
415,-2416,-9912,14940,106,-31,249,Sentar,
416,-1156,-10420,14964,-649,-78,302,Sentar,
417,-2660,-9548,14148,46,77,1352,Sentar,
418,-3236,-9588,14768,256,98,411,Sentar,
419,-2696,-9968,15216,-15,-198,-67,Sentar,
420,-2612,-9844,15028,385,329,275,Sentar,
421,-2676,-9824,14628,10,-30,-175,Sentar,
422,-2324,-9928,14928,-93,161,-98,Sentar,
423,-2292,-9764,14932,108,-29,220,Sentar,
424,-2608,-9488,14584,-42,174,-66,Sentar,
425,-2456,-9680,14852,342,0,-210,Sentar,
426,-2160,-10172,15108,106,-18,-96,Sentar,
427,-2580,-9736,15256,285,183,458,Sentar,
428,-2496,-9856,15252,-116,155,64,Sentar,
429,-2272,-9952,14924,-220,-137,56,Sentar,
430,-2652,-9628,14920,-77,-55,157,Sentar,
431,-2708,-9676,15032,-197,-67,-58,Sentar,
432,-2704,-9728,14828,-137,-324,24,Sentar,
433,-2664,-9676,15404,-143,-22,-236,Sentar,
434,-2356,-9720,14684,-173,344,-216,Sentar,
435,-2568,-9748,14672,113,-157,-43,Sentar,
436,-2440,-9976,15352,84,-129,-238,Sentar,
437,-2352,-9896,15024,-264,84,-82,Sentar,
438,-2488,-9744,15164,-307,-84,-8,Sentar,
439,-2436,-9836,14940,-276,16,-101,Sentar,
440,-2504,-9988,14856,-211,16,143,Sentar,
441,-2760,-9528,14716,-99,-34,19,Sentar,
442,-2396,-9864,14844,-311,-71,-285,Sentar,
443,-2416,-9880,14588,218,127,5,Sentar,
444,-2388,-9960,15016,-35,-158,-65,Sentar,
445,-2540,-9792,15188,-242,192,-238,Sentar,
446,-2372,-9816,14724,-145,188,3,Sentar,
447,-2452,-9740,14620,-282,-22,-107,Sentar,
448,-2292,-9904,14748,92,-14,-54,Sentar,
449,-2468,-9800,14856,23,144,49,Sentar,
450,-2372,-9856,14956,100,53,-11,Sentar,
451,-2464,-9792,14760,74,175,-12,Sentar,
452,-2312,-9824,15184,258,-45,-72,Sentar,
453,-2440,-9892,15084,-42,-8,-197,Sentar,
454,-2276,-10516,15208,-410,-750,-375,Sentar,
455,-1868,-9540,15196,-62,-451,497,Sentar,
456,-2968,-9436,14832,-9,376,5,Sentar,
457,-1984,-9924,14696,-170,-184,-468,Sentar,
458,-2172,-9916,14844,-32,-274,-79,Sentar,
459,-2456,-10012,15136,-268,-42,-150,Sentar,
460,-2348,-9924,14852,-205,235,-28,Sentar,
461,-2472,-9596,14656,-37,91,36,Sentar,
462,-2148,-9824,15000,-61,222,-2,Sentar,
463,-2164,-9932,14812,-113,117,63,Sentar,
464,-2368,-9724,14776,48,27,183,Sentar,
465,-2324,-9764,14732,215,155,-160,Sentar,
466,-2268,-9896,15060,149,29,108,Sentar,
467,-2376,-9884,14956,-10,-41,-85,Sentar,
468,-2156,-10080,15012,-44,97,187,Sentar,
469,-2576,-9744,14952,-104,-58,-41,Sentar,
470,-2360,-9780,14804,-8,138,-243,Sentar,
471,-2288,-10032,14764,25,123,69,Sentar,
472,-2336,-9916,15036,-129,-14,-3,Sentar,
473,-2352,-9936,14856,-196,32,-98,Sentar,
474,-2384,-9772,14796,-137,135,-51,Sentar,
475,-2252,-9848,14836,22,34,24,Sentar,
476,-2264,-9880,14836,59,89,-12,Sentar,
477,-2336,-9864,15020,-87,137,115,Sentar,
478,-2500,-9712,14900,-39,-8,89,Sentar,
479,-2328,-9688,14644,146,131,-51,Sentar,
480,-2336,-10016,15104,-45,7,62,Sentar,
481,-2612,-9812,15088,-116,63,4,Sentar,
482,-2348,-9960,14740,-122,104,-90,Sentar,
483,-2400,-9924,14888,-239,-13,72,Sentar,
484,-2240,-10020,15084,-259,-152,-62,Sentar,
485,-1644,-10508,15292,-473,-46,338,Sentar,
486,-2664,-9716,15116,-367,-58,959,Sentar,
487,-2900,-9332,14856,-622,-21,-102,Sentar,
488,-2272,-9832,14268,-288,174,159,Sentar,
489,-2592,-9656,14384,104,-109,193,Sentar,
490,-2724,-9796,14820,246,64,-9,Sentar,
491,-2424,-10132,15068,-29,58,-107,Sentar,
492,-2392,-9956,14652,28,345,216,Sentar,
493,-2564,-9692,14712,-14,-26,152,Sentar,
494,-2276,-9908,14648,182,251,11,Sentar,
495,-2588,-9860,14916,-6,-94,123,Sentar,
496,-2520,-10004,14924,204,25,165,Sentar,
497,-2580,-10024,14956,-12,9,168,Sentar,
498,-2640,-10028,14940,62,180,-19,Sentar,
499,-2704,-9684,14904,157,77,127,Sentar,
0,-4240,-2920,17692,-56,78,91,Levantar,LEVANTAR;;;;;;;
1,-4364,-2956,17680,-62,-14,58,Levantar,LEVANTAR;;;;;;;
2,-4336,-2956,17592,-77,102,32,Levantar,LEVANTAR;;;;;;;
3,-4244,-2984,17692,-132,12,23,Levantar,LEVANTAR;;;;;;;
4,-4340,-2848,17660,-40,84,81,Levantar,LEVANTAR;;;;;;;
5,-4312,-2920,17632,-89,1,80,Levantar,LEVANTAR;;;;;;;
6,-4244,-2896,17572,-105,61,65,Levantar,LEVANTAR;;;;;;;
7,-4260,-2944,17728,-129,-11,52,Levantar,LEVANTAR;;;;;;;
8,-4328,-2996,17816,-96,-46,33,Levantar,LEVANTAR;;;;;;;
9,-4088,-3196,18212,-655,59,125,Levantar,LEVANTAR;;;;;;;
10,-4184,-3244,17212,-28,819,546,Levantar,LEVANTAR;;;;;;;
11,-4096,-3736,18888,-22,2460,494,Levantar,LEVANTAR;;;;;;;
12,-5688,-2452,17660,-3,2212,1357,Levantar,LEVANTAR;;;;;;;
13,-5052,-2800,18352,-1686,-583,-2037,Levantar,LEVANTAR;;;;;;;
14,-2164,-4404,13820,-1583,-3140,268,Levantar,LEVANTAR;;;;;;;
15,-4176,-3852,19816,2184,-3589,4437,Levantar,LEVANTAR;;;;;;;
16,-4452,-3200,18072,-1855,1233,93,Levantar,LEVANTAR;;;;;;;
17,-3648,-3340,15128,-1708,-2248,2697,Levantar,LEVANTAR;;;;;;;
18,-3436,-3040,17100,-451,-2174,2120,Levantar,LEVANTAR;;;;;;;
19,-3332,-3552,17432,466,-1675,4238,Levantar,LEVANTAR;;;;;;;
20,-3972,-3772,18724,-1232,-5338,2120,Levantar,LEVANTAR;;;;;;;
21,-4412,-5456,19476,-2103,-2368,2305,Levantar,LEVANTAR;;;;;;;
22,-5056,-4040,20360,-380,-1238,1696,Levantar,LEVANTAR;;;;;;;
23,-4960,-2932,21580,978,-3173,-1397,Levantar,LEVANTAR;;;;;;;
24,-1,-1,-1,-1,-1,-1,Levantar,LEVANTAR;;;;;;;
25,-2236,-1736,20524,580,-2340,-2638,Levantar,LEVANTAR;;;;;;;
26,-856,-4336,25224,-1018,-4218,-1323,Levantar,LEVANTAR;;;;;;;
27,-1640,-4588,20500,842,3111,1810,Levantar,LEVANTAR;;;;;;;
28,-2628,-1984,18220,-3082,-4787,10,Levantar,LEVANTAR;;;;;;;
29,-2224,-5396,20028,-1470,-622,2392,Levantar,LEVANTAR;;;;;;;
30,-3224,-3488,18828,-1857,-194,2179,Levantar,LEVANTAR;;;;;;;
31,-2180,-4612,17832,1271,1512,4466,Levantar,LEVANTAR;;;;;;;
32,-3624,-1244,14328,1980,2979,4243,Levantar,LEVANTAR;;;;;;;
33,-324,-6036,17920,-3369,-5628,3174,Levantar,LEVANTAR;;;;;;;
34,-2216,-2196,14600,3614,7025,5917,Levantar,LEVANTAR;;;;;;;
35,-1236,-3940,15408,-3998,-5942,7759,Levantar,LEVANTAR;;;;;;;
36,-1,-1,-1,-1,-1,-1,Levantar,LEVANTAR;;;;;;;
37,-3524,-1540,14940,-1909,-679,3768,Levantar,LEVANTAR;;;;;;;
38,-3452,-2876,15808,-1596,2061,-713,Levantar,LEVANTAR;;;;;;;
39,-2280,-3736,15040,-1186,2844,489,Levantar,LEVANTAR;;;;;;;
40,-3632,-2880,16172,-2169,1762,-2579,Levantar,LEVANTAR;;;;;;;
41,-2904,-3744,15568,-610,3078,-2152,Levantar,LEVANTAR;;;;;;;
42,-1,-1,-1,-1,-1,-1,Levantar,LEVANTAR;;;;;;;
43,-1,-1,-1,-1,-1,-1,Levantar,LEVANTAR;;;;;;;
44,-1,-1,-1,-1,-1,-1,Levantar,LEVANTAR;;;;;;;
45,-1,-1,-1,-1,-1,-1,Levantar,LEVANTAR;;;;;;;
46,-1,-1,-1,-1,-1,-1,Levantar,LEVANTAR;;;;;;;
47,-1,-1,-1,-1,-1,-1,Levantar,LEVANTAR;;;;;;;
48,-1,-1,-1,-1,-1,-1,Levantar,LEVANTAR;;;;;;;
49,-1,-1,-1,-1,-1,-1,Levantar,LEVANTAR;;;;;;;
50,-1,-1,-1,-1,-1,-1,Levantar,LEVANTAR;;;;;;;
51,-1,-1,-1,-1,-1,-1,Levantar,LEVANTAR;;;;;;;
52,-1,-1,-1,-1,-1,-1,Levantar,LEVANTAR;;;;;;;
53,-1,-1,-1,-1,-1,-1,Levantar,LEVANTAR;;;;;;;
54,-1,-1,-1,-1,-1,-1,Levantar,LEVANTAR;;;;;;;
55,-2736,-3588,17916,0,0,0,Levantar,LEVANTAR;;;;;;;
56,-2784,-3356,17732,901,-2258,1949,Levantar,LEVANTAR;;;;;;;
57,-2444,-3280,18924,-519,346,753,Levantar,LEVANTAR;;;;;;;
58,-2704,-3428,17188,-587,44,-558,Levantar,LEVANTAR;;;;;;;
59,-2376,-3516,17952,-35,-202,425,Levantar,LEVANTAR;;;;;;;
60,-2668,-3048,18068,-40,-106,197,Levantar,LEVANTAR;;;;;;;
61,-2644,-3092,17872,303,-243,407,Levantar,LEVANTAR;;;;;;;
62,-2696,-3036,18204,251,247,-77,Levantar,LEVANTAR;;;;;;;
63,-2736,-2980,17948,315,213,-29,Levantar,LEVANTAR;;;;;;;
64,-2836,-3004,17916,177,38,-247,Levantar,LEVANTAR;;;;;;;
65,-2636,-3128,18012,2,-281,-556,Levantar,LEVANTAR;;;;;;;
66,-2540,-3140,18272,161,212,4,Levantar,LEVANTAR;;;;;;;
67,-2712,-3008,18064,-210,389,-436,Levantar,LEVANTAR;;;;;;;
68,-2492,-3140,17920,-178,300,-154,Levantar,LEVANTAR;;;;;;;
69,-2496,-3040,18020,-170,-55,30,Levantar,LEVANTAR;;;;;;;
70,-2436,-3192,18144,-320,184,74,Levantar,LEVANTAR;;;;;;;
71,-2536,-3148,17820,69,139,-61,Levantar,LEVANTAR;;;;;;;
72,-2512,-3104,18072,-384,-13,67,Levantar,LEVANTAR;;;;;;;
73,-2568,-3284,18000,49,190,258,Levantar,LEVANTAR;;;;;;;
74,-2764,-3236,18128,-302,305,161,Levantar,LEVANTAR;;;;;;;
75,-2888,-3020,17724,-177,-140,361,Levantar,LEVANTAR;;;;;;;
76,-2796,-3120,18208,-8,113,37,Levantar,LEVANTAR;;;;;;;
77,-2764,-3112,17836,-243,250,179,Levantar,LEVANTAR;;;;;;;
78,-2592,-3264,17900,-227,-92,45,Levantar,LEVANTAR;;;;;;;
79,-2772,-3148,18056,-43,155,-37,Levantar,LEVANTAR;;;;;;;
80,-2788,-3348,17984,50,54,220,Levantar,LEVANTAR;;;;;;;
81,-2876,-3088,18140,-32,92,-85,Levantar,LEVANTAR;;;;;;;
82,-2652,-3180,18056,-64,76,137,Levantar,LEVANTAR;;;;;;;
83,-2732,-3088,17860,-231,-176,-60,Levantar,LEVANTAR;;;;;;;
84,-2548,-3244,18036,-69,103,114,Levantar,LEVANTAR;;;;;;;
85,-2760,-3128,18096,-25,40,-157,Levantar,LEVANTAR;;;;;;;
86,-2580,-3404,18256,-229,-111,145,Levantar,LEVANTAR;;;;;;;
87,-2704,-3264,18032,82,305,-61,Levantar,LEVANTAR;;;;;;;
88,-2580,-3112,17960,-217,2,21,Levantar,LEVANTAR;;;;;;;
89,-2672,-3092,17976,-170,58,-133,Levantar,LEVANTAR;;;;;;;
90,-2568,-3120,18296,-191,48,-24,Levantar,LEVANTAR;;;;;;;
91,-2484,-3220,17852,66,185,30,Levantar,LEVANTAR;;;;;;;
92,-2744,-3016,17852,74,22,182,Levantar,LEVANTAR;;;;;;;
93,-2728,-3088,18172,-82,128,-86,Levantar,LEVANTAR;;;;;;;
94,-2548,-3216,18072,-80,-82,-41,Levantar,LEVANTAR;;;;;;;
95,-2496,-3264,18048,-60,274,2,Levantar,LEVANTAR;;;;;;;
96,-2492,-3244,17952,-130,-149,283,Levantar,LEVANTAR;;;;;;;
97,-2672,-3180,18100,-56,130,261,Levantar,LEVANTAR;;;;;;;
98,-2764,-3184,18012,-162,195,194,Levantar,LEVANTAR;;;;;;;
99,-2624,-3080,17928,-16,-125,-3,Levantar,LEVANTAR;;;;;;;
100,-2716,-3124,18036,100,80,112,Levantar,LEVANTAR;;;;;;;
101,-2588,-3156,18256,-29,91,178,Levantar,LEVANTAR;;;;;;;
102,-2708,-3104,17940,-203,71,170,Levantar,LEVANTAR;;;;;;;
103,-2748,-3028,18016,-287,-25,287,Levantar,LEVANTAR;;;;;;;
104,-2756,-3184,18112,46,24,120,Levantar,LEVANTAR;;;;;;;
105,-2760,-3088,18192,61,74,111,Levantar,LEVANTAR;;;;;;;
106,-2636,-3220,18108,-305,110,-90,Levantar,LEVANTAR;;;;;;;
107,-2580,-3016,17764,-160,187,330,Levantar,LEVANTAR;;;;;;;
108,-2852,-3132,18100,-3,199,93,Levantar,LEVANTAR;;;;;;;
109,-2880,-3092,18072,-172,290,-6,Levantar,LEVANTAR;;;;;;;
110,-2660,-3008,18048,-148,122,-161,Levantar,LEVANTAR;;;;;;;
111,-2636,-3108,17940,4,265,-77,Levantar,LEVANTAR;;;;;;;
112,-2620,-3104,18044,30,-68,-91,Levantar,LEVANTAR;;;;;;;
113,-2736,-2964,18284,-123,57,69,Levantar,LEVANTAR;;;;;;;
114,-2724,-3100,17988,-157,104,61,Levantar,LEVANTAR;;;;;;;
115,-2676,-2896,18000,137,-58,-157,Levantar,LEVANTAR;;;;;;;
116,-2668,-3168,18104,74,-76,-18,Levantar,LEVANTAR;;;;;;;
117,-2612,-3084,17960,-71,-18,15,Levantar,LEVANTAR;;;;;;;
118,-2548,-3244,18096,-146,-31,137,Levantar,LEVANTAR;;;;;;;
119,-2716,-2968,17996,-48,151,36,Levantar,LEVANTAR;;;;;;;
120,-2728,-2916,18032,-127,-32,-48,Levantar,LEVANTAR;;;;;;;
121,-2604,-3036,18068,-61,49,118,Levantar,LEVANTAR;;;;;;;
122,-2448,-3124,17916,-12,220,147,Levantar,LEVANTAR;;;;;;;
123,-2656,-3180,18136,-34,-33,210,Levantar,LEVANTAR;;;;;;;
124,-2744,-2912,18088,-47,236,288,Levantar,LEVANTAR;;;;;;;
125,-2580,-3176,17892,-116,-9,228,Levantar,LEVANTAR;;;;;;;
126,-2760,-3044,18248,-123,97,146,Levantar,LEVANTAR;;;;;;;
127,-2592,-3080,18056,-266,56,155,Levantar,LEVANTAR;;;;;;;
128,-2720,-2972,17940,-11,107,56,Levantar,LEVANTAR;;;;;;;
129,-2660,-3176,18124,-195,-54,205,Levantar,LEVANTAR;;;;;;;
130,-2684,-3016,18056,-518,34,206,Levantar,LEVANTAR;;;;;;;
131,-2788,-2960,18084,138,111,221,Levantar,LEVANTAR;;;;;;;
132,-2580,-3048,18024,-89,196,17,Levantar,LEVANTAR;;;;;;;
133,-2596,-3116,17728,-70,143,-6,Levantar,LEVANTAR;;;;;;;
134,-2592,-3160,18072,-75,14,52,Levantar,LEVANTAR;;;;;;;
135,-2776,-3096,17952,-130,203,125,Levantar,LEVANTAR;;;;;;;
136,-2684,-3024,18212,-94,55,-40,Levantar,LEVANTAR;;;;;;;
137,-2532,-3092,18044,-245,238,71,Levantar,LEVANTAR;;;;;;;
138,-2584,-2968,17844,-205,-94,-62,Levantar,LEVANTAR;;;;;;;
139,-2572,-3116,18056,74,132,211,Levantar,LEVANTAR;;;;;;;
140,-2704,-3120,17988,-6,-50,186,Levantar,LEVANTAR;;;;;;;
141,-2804,-3056,18136,-136,100,26,Levantar,LEVANTAR;;;;;;;
142,-2780,-2844,17888,-77,186,-6,Levantar,LEVANTAR;;;;;;;
143,-2656,-2928,17920,53,189,132,Levantar,LEVANTAR;;;;;;;
144,-2504,-3208,18108,42,22,12,Levantar,LEVANTAR;;;;;;;
145,-2572,-3180,18316,-179,435,293,Levantar,LEVANTAR;;;;;;;
146,-2748,-3028,17928,-305,-2,74,Levantar,LEVANTAR;;;;;;;
147,-2788,-2928,18096,-60,19,305,Levantar,LEVANTAR;;;;;;;
148,-2820,-2564,17844,302,373,596,Levantar,LEVANTAR;;;;;;;
149,-2728,-2952,17836,55,269,281,Levantar,LEVANTAR;;;;;;;
150,-2812,-3112,17880,237,334,638,Levantar,LEVANTAR;;;;;;;
151,-3156,-2916,18240,122,53,59,Levantar,LEVANTAR;;;;;;;
152,-2908,-2840,18240,9,4,-178,Levantar,LEVANTAR;;;;;;;
153,-2796,-2876,18048,7,169,3,Levantar,LEVANTAR;;;;;;;
154,-2700,-3068,17928,-76,8,11,Levantar,LEVANTAR;;;;;;;
155,-2860,-2936,18148,-116,166,90,Levantar,LEVANTAR;;;;;;;
156,-2676,-3036,17980,-171,12,74,Levantar,LEVANTAR;;;;;;;
157,-2788,-2892,17956,-3,-34,128,Levantar,LEVANTAR;;;;;;;
158,-2904,-2776,18152,-102,55,-13,Levantar,LEVANTAR;;;;;;;
159,-2856,-2764,17804,-157,-77,49,Levantar,LEVANTAR;;;;;;;
160,-2884,-3036,17828,139,133,-205,Levantar,LEVANTAR;;;;;;;
161,-3136,-2980,18212,-45,-138,-85,Levantar,LEVANTAR;;;;;;;
162,-2712,-3020,18176,-154,208,-173,Levantar,LEVANTAR;;;;;;;
163,-2628,-2760,17848,-164,425,194,Levantar,LEVANTAR;;;;;;;
164,-2664,-2604,17800,104,538,183,Levantar,LEVANTAR;;;;;;;
165,-2764,-2768,17832,333,-10,85,Levantar,LEVANTAR;;;;;;;
166,-2948,-2776,18252,238,-56,-155,Levantar,LEVANTAR;;;;;;;
167,-2768,-3016,18168,118,-193,-201,Levantar,LEVANTAR;;;;;;;
168,-2848,-2976,18340,85,-150,-228,Levantar,LEVANTAR;;;;;;;
169,-2904,-2860,18332,-288,47,-124,Levantar,LEVANTAR;;;;;;;
170,-2840,-2736,18164,-399,163,-153,Levantar,LEVANTAR;;;;;;;
171,-2864,-2724,17820,-236,85,-255,Levantar,LEVANTAR;;;;;;;
172,-2904,-2944,18044,-81,68,-180,Levantar,LEVANTAR;;;;;;;
173,-2984,-2756,18160,23,141,-384,Levantar,LEVANTAR;;;;;;;
174,-2768,-2736,18000,-199,161,-386,Levantar,LEVANTAR;;;;;;;
175,-2600,-2848,17812,-172,269,-307,Levantar,LEVANTAR;;;;;;;
176,-2632,-2636,17816,-28,193,-97,Levantar,LEVANTAR;;;;;;;
177,-2840,-2804,17932,115,144,27,Levantar,LEVANTAR;;;;;;;
178,-2824,-2616,18124,102,201,-73,Levantar,LEVANTAR;;;;;;;
179,-2668,-2824,17916,227,240,-80,Levantar,LEVANTAR;;;;;;;
180,-2816,-2656,18352,-131,-120,-264,Levantar,LEVANTAR;;;;;;;
181,-2664,-2892,17936,81,64,50,Levantar,LEVANTAR;;;;;;;
182,-2836,-2852,18100,-243,-172,-9,Levantar,LEVANTAR;;;;;;;
183,-2928,-2728,18352,-160,26,23,Levantar,LEVANTAR;;;;;;;
184,-2840,-2668,17980,-322,178,-36,Levantar,LEVANTAR;;;;;;;
185,-2848,-2840,18172,163,870,169,Levantar,LEVANTAR;;;;;;;
186,-2936,-2564,18116,-265,262,-281,Levantar,LEVANTAR;;;;;;;
187,-2920,-2936,18568,-393,278,-358,Levantar,LEVANTAR;;;;;;;
188,-2980,-3036,18864,-917,296,-458,Levantar,LEVANTAR;;;;;;;
189,-2688,-2984,18792,-1626,623,-270,Levantar,LEVANTAR;;;;;;;
190,-2524,-2888,17916,-1781,861,-132,Levantar,LEVANTAR;;;;;;;
191,-2684,-2472,17472,-1157,506,193,Levantar,LEVANTAR;;;;;;;
192,-2412,-3272,15844,338,564,578,Levantar,LEVANTAR;;;;;;;
193,-3348,-2972,17416,371,-685,478,Levantar,LEVANTAR;;;;;;;
194,-3496,-3280,18344,567,-300,343,Levantar,LEVANTAR;;;;;;;
195,-3284,-3424,18424,124,-4,-114,Levantar,LEVANTAR;;;;;;;
196,-2912,-3560,18360,-606,66,135,Levantar,LEVANTAR;;;;;;;
197,-3208,-3236,17956,-401,382,345,Levantar,LEVANTAR;;;;;;;
198,-3300,-3064,18108,-404,163,289,Levantar,LEVANTAR;;;;;;;
199,-2984,-3340,17512,26,403,-28,Levantar,LEVANTAR;;;;;;;
200,-2920,-3204,17792,-93,-42,194,Levantar,LEVANTAR;;;;;;;
201,-3084,-3124,17372,-50,62,518,Levantar,LEVANTAR;;;;;;;
202,-3404,-3116,17740,271,-123,486,Levantar,LEVANTAR;;;;;;;
203,-3324,-3048,18064,36,-216,174,Levantar,LEVANTAR;;;;;;;
204,-2952,-3408,17724,532,220,216,Levantar,LEVANTAR;;;;;;;
205,-3228,-3264,17900,230,-355,199,Levantar,LEVANTAR;;;;;;;
206,-3040,-3412,18248,312,20,365,Levantar,LEVANTAR;;;;;;;
207,-3200,-3228,17920,-8,19,315,Levantar,LEVANTAR;;;;;;;
208,-3096,-3096,17932,-66,-86,166,Levantar,LEVANTAR;;;;;;;
209,-3116,-3052,17912,40,-15,247,Levantar,LEVANTAR;;;;;;;
210,-3032,-3016,18232,-142,112,24,Levantar,LEVANTAR;;;;;;;
211,-2876,-3040,17824,-225,129,191,Levantar,LEVANTAR;;;;;;;
212,-2984,-3040,17852,-161,29,267,Levantar,LEVANTAR;;;;;;;
213,-3028,-3048,17912,-31,176,306,Levantar,LEVANTAR;;;;;;;
214,-3320,-2944,18156,-99,-51,12,Levantar,LEVANTAR;;;;;;;
215,-3212,-3028,17988,-116,384,-145,Levantar,LEVANTAR;;;;;;;
216,-3132,-2924,18004,-100,506,233,Levantar,LEVANTAR;;;;;;;
217,-2908,-2792,17932,-249,-17,-104,Levantar,LEVANTAR;;;;;;;
218,-2832,-2896,17928,-34,-75,-364,Levantar,LEVANTAR;;;;;;;
219,-2604,-3376,17756,170,-124,-60,Levantar,LEVANTAR;;;;;;;
220,-2944,-2988,17804,147,-50,315,Levantar,LEVANTAR;;;;;;;
221,-3208,-2888,18088,-76,-216,421,Levantar,LEVANTAR;;;;;;;
222,-3312,-2776,17952,65,80,166,Levantar,LEVANTAR;;;;;;;
223,-3300,-2808,17848,159,-141,89,Levantar,LEVANTAR;;;;;;;
224,-3152,-2972,18100,10,-51,-395,Levantar,LEVANTAR;;;;;;;
225,-2964,-3120,18392,-49,-19,-115,Levantar,LEVANTAR;;;;;;;
226,-2932,-3140,17992,-186,362,-115,Levantar,LEVANTAR;;;;;;;
227,-3288,-2588,17816,-98,171,144,Levantar,LEVANTAR;;;;;;;
228,-3068,-2952,18124,-220,-95,-283,Levantar,LEVANTAR;;;;;;;
229,-2968,-3068,18384,-255,-109,-489,Levantar,LEVANTAR;;;;;;;
230,-2620,-3376,17992,-376,147,-231,Levantar,LEVANTAR;;;;;;;
231,-3036,-3008,17416,-18,-188,285,Levantar,LEVANTAR;;;;;;;
232,-3448,-2836,17756,-84,-357,-28,Levantar,LEVANTAR;;;;;;;
233,-3432,-2804,18400,85,-6,-659,Levantar,LEVANTAR;;;;;;;
234,-3016,-3080,18040,87,263,-675,Levantar,LEVANTAR;;;;;;;
235,-2996,-3124,18284,-107,256,-611,Levantar,LEVANTAR;;;;;;;
236,-2728,-3212,17888,-308,767,-462,Levantar,LEVANTAR;;;;;;;
237,-2668,-3028,17820,-301,336,-54,Levantar,LEVANTAR;;;;;;;
238,-2844,-2960,18012,-130,254,-17,Levantar,LEVANTAR;;;;;;;
239,-2860,-3104,17812,-124,422,7,Levantar,LEVANTAR;;;;;;;
240,-2952,-3308,17772,-316,31,466,Levantar,LEVANTAR;;;;;;;
241,-2972,-3172,18488,-304,141,446,Levantar,LEVANTAR;;;;;;;
242,-2984,-2888,17864,-217,101,160,Levantar,LEVANTAR;;;;;;;
243,-2672,-3244,17356,-177,-300,192,Levantar,LEVANTAR;;;;;;;
244,-2844,-3288,17700,300,-548,523,Levantar,LEVANTAR;;;;;;;
245,-3196,-3140,18284,225,-705,390,Levantar,LEVANTAR;;;;;;;
246,-3244,-3060,18180,60,-334,420,Levantar,LEVANTAR;;;;;;;
247,-3028,-2944,17500,648,342,401,Levantar,LEVANTAR;;;;;;;
248,-3000,-2860,17556,217,-137,245,Levantar,LEVANTAR;;;;;;;
249,-2952,-2924,17084,1656,1048,422,Levantar,LEVANTAR;;;;;;;
250,-3264,-2908,18180,888,-576,102,Levantar,LEVANTAR;;;;;;;
251,-3844,-2456,19132,790,-279,-619,Levantar,LEVANTAR;;;;;;;
252,-3056,-2428,19664,-1049,-1108,-1503,Levantar,LEVANTAR;;;;;;;
253,-2028,-2572,18128,-641,922,-1172,Levantar,LEVANTAR;;;;;;;
254,-1812,-2760,17188,-559,193,68,Levantar,LEVANTAR;;;;;;;
255,-2608,-2564,17812,-135,62,797,Levantar,LEVANTAR;;;;;;;
256,-2628,-2772,18184,-223,-14,525,Levantar,LEVANTAR;;;;;;;
257,-2824,-2720,17980,259,83,870,Levantar,LEVANTAR;;;;;;;
258,-2960,-2912,18820,-453,-129,367,Levantar,LEVANTAR;;;;;;;
259,-2932,-2744,17816,-118,92,251,Levantar,LEVANTAR;;;;;;;
260,-2640,-2996,17896,-862,-429,285,Levantar,LEVANTAR;;;;;;;
261,-2576,-2460,17720,-110,397,671,Levantar,LEVANTAR;;;;;;;
262,-2544,-2420,17696,-90,73,918,Levantar,LEVANTAR;;;;;;;
263,-2932,-2192,18272,-152,-164,651,Levantar,LEVANTAR;;;;;;;
264,-2592,-2604,17728,432,241,308,Levantar,LEVANTAR;;;;;;;
265,-2388,-2844,17912,100,-520,380,Levantar,LEVANTAR;;;;;;;
266,-2512,-2852,18424,-196,74,805,Levantar,LEVANTAR;;;;;;;
267,-2928,-2484,17852,337,193,1240,Levantar,LEVANTAR;;;;;;;
268,-2972,-2528,18272,-385,72,782,Levantar,LEVANTAR;;;;;;;
269,-3240,-2604,18012,475,464,414,Levantar,LEVANTAR;;;;;;;
270,-3184,-2776,18232,104,-397,0,Levantar,LEVANTAR;;;;;;;
271,-2948,-2816,19108,-23,-433,-357,Levantar,LEVANTAR;;;;;;;
272,-2740,-2736,18384,-274,-658,-471,Levantar,LEVANTAR;;;;;;;
273,-2704,-2604,17296,-97,-375,-342,Levantar,LEVANTAR;;;;;;;
274,-2900,-2688,17296,353,-414,432,Levantar,LEVANTAR;;;;;;;
275,-3280,-2372,18100,435,-53,314,Levantar,LEVANTAR;;;;;;;
276,-3092,-2456,18620,287,217,-307,Levantar,LEVANTAR;;;;;;;
277,-3068,-2400,18540,351,339,-1046,Levantar,LEVANTAR;;;;;;;
278,-2520,-2696,18008,138,319,-2014,Levantar,LEVANTAR;;;;;;;
279,-2220,-2848,18120,-146,47,-1722,Levantar,LEVANTAR;;;;;;;
280,-2272,-2732,17980,220,594,-931,Levantar,LEVANTAR;;;;;;;
281,-2816,-2124,18544,10,393,-356,Levantar,LEVANTAR;;;;;;;
282,-2596,-1908,18204,125,863,-862,Levantar,LEVANTAR;;;;;;;
283,-2220,-2032,16932,468,454,-872,Levantar,LEVANTAR;;;;;;;
284,-2724,-2296,18180,750,-425,-487,Levantar,LEVANTAR;;;;;;;
285,-2740,-2532,18820,587,88,-572,Levantar,LEVANTAR;;;;;;;
286,-2728,-2340,18760,-86,288,-569,Levantar,LEVANTAR;;;;;;;
287,-2492,-2240,18392,116,-225,-673,Levantar,LEVANTAR;;;;;;;
288,-2384,-2380,18416,-136,78,-731,Levantar,LEVANTAR;;;;;;;
289,-2336,-2444,18276,-309,-426,-272,Levantar,LEVANTAR;;;;;;;
290,-2420,-2408,18684,-246,169,-370,Levantar,LEVANTAR;;;;;;;
291,-2500,-2308,18064,-453,-274,-76,Levantar,LEVANTAR;;;;;;;
292,-2364,-2364,18420,-453,98,39,Levantar,LEVANTAR;;;;;;;
293,-2256,-2216,17852,-585,231,122,Levantar,LEVANTAR;;;;;;;
294,-2020,-2368,17440,-431,103,294,Levantar,LEVANTAR;;;;;;;
295,-2108,-2308,18140,-48,-221,806,Levantar,LEVANTAR;;;;;;;
296,-2420,-2228,18412,-6,-143,983,Levantar,LEVANTAR;;;;;;;
297,-2452,-2628,17668,83,534,896,Levantar,LEVANTAR;;;;;;;
298,-2768,-2808,17516,617,-71,1164,Levantar,LEVANTAR;;;;;;;
299,-2872,-2744,18884,322,-646,695,Levantar,LEVANTAR;;;;;;;
300,-2928,-2524,19524,219,-374,683,Levantar,LEVANTAR;;;;;;;
301,-2480,-2560,18708,-319,491,-133,Levantar,LEVANTAR;;;;;;;
302,-2148,-2880,18088,-860,125,910,Levantar,LEVANTAR;;;;;;;
303,-2656,-2324,18140,-728,304,922,Levantar,LEVANTAR;;;;;;;
304,-2556,-2332,18328,-882,319,1122,Levantar,LEVANTAR;;;;;;;
305,-2568,-2360,17880,-960,618,484,Levantar,LEVANTAR;;;;;;;
306,-2188,-2812,17756,-1252,76,832,Levantar,LEVANTAR;;;;;;;
307,-2856,-2444,17940,-742,464,1160,Levantar,LEVANTAR;;;;;;;
308,-3312,-2440,18420,-878,88,971,Levantar,LEVANTAR;;;;;;;
309,-3096,-2540,17528,-391,948,715,Levantar,LEVANTAR;;;;;;;
310,-2900,-2708,17776,-561,-35,597,Levantar,LEVANTAR;;;;;;;
311,-3020,-2684,18032,115,312,643,Levantar,LEVANTAR;;;;;;;
312,-3160,-2648,17904,413,277,379,Levantar,LEVANTAR;;;;;;;
313,-2996,-2600,18308,340,-195,-319,Levantar,LEVANTAR;;;;;;;
314,-2788,-2656,18388,422,-90,-461,Levantar,LEVANTAR;;;;;;;
315,-2520,-2736,18408,0,-312,-696,Levantar,LEVANTAR;;;;;;;
316,-2592,-2620,18032,228,3,-346,Levantar,LEVANTAR;;;;;;;
317,-2544,-2664,17972,102,80,-174,Levantar,LEVANTAR;;;;;;;
318,-2652,-2748,18012,-105,8,158,Levantar,LEVANTAR;;;;;;;
319,-2860,-2556,18424,-43,30,399,Levantar,LEVANTAR;;;;;;;
320,-2608,-2620,18060,-133,307,197,Levantar,LEVANTAR;;;;;;;
321,-2800,-2732,17972,-90,0,472,Levantar,LEVANTAR;;;;;;;
322,-2812,-2772,18396,-54,21,152,Levantar,LEVANTAR;;;;;;;
323,-2796,-2776,18008,-281,-37,314,Levantar,LEVANTAR;;;;;;;
324,-2936,-2544,17708,-126,130,320,Levantar,LEVANTAR;;;;;;;
325,-2972,-2428,17964,87,-115,111,Levantar,LEVANTAR;;;;;;;
326,-2960,-2620,18112,180,-88,-75,Levantar,LEVANTAR;;;;;;;
327,-2980,-2524,17840,39,-73,-383,Levantar,LEVANTAR;;;;;;;
328,-2728,-2652,18156,-220,-246,-345,Levantar,LEVANTAR;;;;;;;
329,-2808,-2456,18256,130,180,-10,Levantar,LEVANTAR;;;;;;;
330,-2796,-2436,18244,-189,133,-433,Levantar,LEVANTAR;;;;;;;
331,-2584,-2536,17864,-33,423,-210,Levantar,LEVANTAR;;;;;;;
332,-2528,-2492,17900,61,148,-162,Levantar,LEVANTAR;;;;;;;
333,-2876,-2240,18252,180,237,-113,Levantar,LEVANTAR;;;;;;;
334,-2592,-2580,18128,151,348,-237,Levantar,LEVANTAR;;;;;;;
335,-2676,-2624,17964,-97,75,-14,Levantar,LEVANTAR;;;;;;;
336,-2716,-2488,18340,298,99,193,Levantar,LEVANTAR;;;;;;;
337,-2648,-2688,18124,-32,165,-98,Levantar,LEVANTAR;;;;;;;
338,-2788,-2516,17932,79,-108,208,Levantar,LEVANTAR;;;;;;;
339,-2880,-2656,18436,-122,-109,-23,Levantar,LEVANTAR;;;;;;;
340,-3004,-2408,18100,40,265,-7,Levantar,LEVANTAR;;;;;;;
341,-2940,-2436,18196,-144,-20,-145,Levantar,LEVANTAR;;;;;;;
342,-2800,-2540,18288,-210,124,-459,Levantar,LEVANTAR;;;;;;;
343,-2736,-2480,18004,-336,39,-392,Levantar,LEVANTAR;;;;;;;
344,-2764,-2524,18180,-250,86,-246,Levantar,LEVANTAR;;;;;;;
345,-2804,-2460,18168,-327,154,-284,Levantar,LEVANTAR;;;;;;;
346,-2572,-2648,18016,-245,96,-86,Levantar,LEVANTAR;;;;;;;
347,-2620,-2736,18224,-309,231,-69,Levantar,LEVANTAR;;;;;;;
348,-2560,-2812,18036,-263,396,186,Levantar,LEVANTAR;;;;;;;
349,-2528,-2740,18424,-905,68,293,Levantar,LEVANTAR;;;;;;;
350,-2744,-2340,17816,-249,398,530,Levantar,LEVANTAR;;;;;;;
351,-3008,-2416,17424,-33,-132,113,Levantar,LEVANTAR;;;;;;;
352,-3136,-2564,18120,-41,-436,-197,Levantar,LEVANTAR;;;;;;;
353,-2988,-2768,18216,145,-28,112,Levantar,LEVANTAR;;;;;;;
354,-2988,-2720,18328,-101,46,-56,Levantar,LEVANTAR;;;;;;;
355,-2956,-2616,17936,102,328,-101,Levantar,LEVANTAR;;;;;;;
356,-2796,-2732,17820,-7,-144,-414,Levantar,LEVANTAR;;;;;;;
357,-2640,-2792,18228,256,-52,-237,Levantar,LEVANTAR;;;;;;;
358,-2620,-2852,18408,-88,29,-401,Levantar,LEVANTAR;;;;;;;
359,-2544,-2840,18132,-166,30,-96,Levantar,LEVANTAR;;;;;;;
360,-2672,-2472,18472,-557,-23,-33,Levantar,LEVANTAR;;;;;;;
361,-2408,-2392,17676,-176,477,165,Levantar,LEVANTAR;;;;;;;
362,-2552,-2564,17596,81,72,217,Levantar,LEVANTAR;;;;;;;
363,-2764,-2568,18092,-67,-44,200,Levantar,LEVANTAR;;;;;;;
364,-2616,-2668,18192,17,235,298,Levantar,LEVANTAR;;;;;;;
365,-2704,-2644,17868,-99,21,370,Levantar,LEVANTAR;;;;;;;
366,-2880,-2492,18060,187,142,202,Levantar,LEVANTAR;;;;;;;
367,-2824,-2640,18036,47,22,134,Levantar,LEVANTAR;;;;;;;
368,-2816,-2568,18056,403,450,237,Levantar,LEVANTAR;;;;;;;
369,-2824,-2484,18188,215,189,204,Levantar,LEVANTAR;;;;;;;
370,-2844,-2556,18188,164,351,57,Levantar,LEVANTAR;;;;;;;
371,-2780,-2424,18080,-56,23,-5,Levantar,LEVANTAR;;;;;;;
372,-2684,-2444,18180,259,323,-19,Levantar,LEVANTAR;;;;;;;
373,-2696,-2488,17984,-128,-102,17,Levantar,LEVANTAR;;;;;;;
374,-2728,-2592,18220,-58,-41,76,Levantar,LEVANTAR;;;;;;;
375,-2764,-2508,18140,-13,124,224,Levantar,LEVANTAR;;;;;;;
376,-2880,-2448,18096,67,9,207,Levantar,LEVANTAR;;;;;;;
377,-2788,-2492,18140,-60,-40,187,Levantar,LEVANTAR;;;;;;;
378,-2948,-2588,18220,-118,-25,152,Levantar,LEVANTAR;;;;;;;
379,-2988,-2572,18100,-147,-44,68,Levantar,LEVANTAR;;;;;;;
380,-2852,-2552,18364,-216,85,-39,Levantar,LEVANTAR;;;;;;;
381,-3016,-2616,18312,-258,175,13,Levantar,LEVANTAR;;;;;;;
382,-2968,-2976,18580,-463,136,176,Levantar,LEVANTAR;;;;;;;
383,-3196,-2636,18524,-423,648,269,Levantar,LEVANTAR;;;;;;;
384,-2748,-2644,17868,-1085,556,-142,Levantar,LEVANTAR;;;;;;;
385,-2692,-2412,17588,-889,294,101,Levantar,LEVANTAR;;;;;;;
386,-2692,-2020,17848,-480,168,212,Levantar,LEVANTAR;;;;;;;
387,-2672,-2180,17204,73,227,208,Levantar,LEVANTAR;;;;;;;
388,-2740,-2540,17628,247,-450,97,Levantar,LEVANTAR;;;;;;;
389,-2896,-2864,18188,413,-182,540,Levantar,LEVANTAR;;;;;;;
390,-3500,-2636,18524,251,1,420,Levantar,LEVANTAR;;;;;;;
391,-3312,-2792,18380,190,261,46,Levantar,LEVANTAR;;;;;;;
392,-2952,-2744,18048,-54,73,-244,Levantar,LEVANTAR;;;;;;;
393,-2952,-2548,18048,29,82,-50,Levantar,LEVANTAR;;;;;;;
394,-2816,-2520,17820,57,161,65,Levantar,LEVANTAR;;;;;;;
395,-2928,-2488,17960,-29,33,144,Levantar,LEVANTAR;;;;;;;
396,-2756,-2508,18088,98,288,289,Levantar,LEVANTAR;;;;;;;
397,-2776,-2416,17532,156,522,494,Levantar,LEVANTAR;;;;;;;
398,-3084,-2152,18120,241,-221,518,Levantar,LEVANTAR;;;;;;;
399,-2836,-2472,18432,421,182,537,Levantar,LEVANTAR;;;;;;;
400,-2984,-2316,18304,233,68,261,Levantar,LEVANTAR;;;;;;;
401,-2824,-2636,18420,30,-256,47,Levantar,LEVANTAR;;;;;;;
402,-2876,-2552,18388,17,240,413,Levantar,LEVANTAR;;;;;;;
403,-3104,-2356,18120,-212,54,479,Levantar,LEVANTAR;;;;;;;
404,-3148,-2376,17924,-128,88,657,Levantar,LEVANTAR;;;;;;;
405,-3368,-2152,18144,-287,3,340,Levantar,LEVANTAR;;;;;;;
406,-3300,-2188,17820,97,209,69,Levantar,LEVANTAR;;;;;;;
407,-3092,-2404,18232,-248,11,-236,Levantar,LEVANTAR;;;;;;;
408,-3128,-2212,18040,85,238,91,Levantar,LEVANTAR;;;;;;;
409,-2992,-2268,18048,-82,21,223,Levantar,LEVANTAR;;;;;;;
410,-3220,-2056,18036,-77,149,-21,Levantar,LEVANTAR;;;;;;;
411,-2908,-2432,18044,213,52,6,Levantar,LEVANTAR;;;;;;;
412,-3092,-2276,18184,-14,108,-110,Levantar,LEVANTAR;;;;;;;
413,-2824,-2344,18204,45,-6,-67,Levantar,LEVANTAR;;;;;;;
414,-3052,-2144,18040,3,-44,82,Levantar,LEVANTAR;;;;;;;
415,-2964,-2340,18288,-50,-81,20,Levantar,LEVANTAR;;;;;;;
416,-3032,-2136,18140,9,160,118,Levantar,LEVANTAR;;;;;;;
417,-3084,-2204,18356,-394,-168,93,Levantar,LEVANTAR;;;;;;;
418,-3080,-2156,18056,112,148,239,Levantar,LEVANTAR;;;;;;;
419,-2964,-2116,18152,-207,84,-82,Levantar,LEVANTAR;;;;;;;
420,-2924,-2172,18100,-114,-59,96,Levantar,LEVANTAR;;;;;;;
421,-3124,-2040,18180,-58,-2,70,Levantar,LEVANTAR;;;;;;;
422,-2916,-2156,18184,-139,98,59,Levantar,LEVANTAR;;;;;;;
423,-2856,-2108,17932,111,55,-8,Levantar,LEVANTAR;;;;;;;
424,-2932,-2236,18344,-107,-157,165,Levantar,LEVANTAR;;;;;;;
425,-3008,-2180,18184,-130,55,104,Levantar,LEVANTAR;;;;;;;
426,-2848,-2196,17972,-44,-73,194,Levantar,LEVANTAR;;;;;;;
427,-2932,-2160,18244,-9,-95,40,Levantar,LEVANTAR;;;;;;;
428,-3048,-2112,18096,-19,-135,146,Levantar,LEVANTAR;;;;;;;
429,-2952,-2356,18100,-84,74,71,Levantar,LEVANTAR;;;;;;;
430,-2876,-2196,18140,64,450,351,Levantar,LEVANTAR;;;;;;;
431,-2872,-2148,17952,-79,39,84,Levantar,LEVANTAR;;;;;;;
432,-3004,-1960,18204,-83,24,6,Levantar,LEVANTAR;;;;;;;
433,-2788,-2276,18432,-253,-57,187,Levantar,LEVANTAR;;;;;;;
434,-2800,-2360,18516,-255,165,202,Levantar,LEVANTAR;;;;;;;
435,-2932,-2112,18060,-114,160,222,Levantar,LEVANTAR;;;;;;;
436,-3020,-1900,17812,-270,8,22,Levantar,LEVANTAR;;;;;;;
437,-2820,-2104,18040,66,-50,165,Levantar,LEVANTAR;;;;;;;
438,-3032,-1988,18196,83,23,128,Levantar,LEVANTAR;;;;;;;
439,-2804,-2152,18368,-69,120,-34,Levantar,LEVANTAR;;;;;;;
440,-2700,-2228,18148,57,52,327,Levantar,LEVANTAR;;;;;;;
441,-2872,-2068,18280,-185,103,389,Levantar,LEVANTAR;;;;;;;
442,-2920,-1928,17992,-183,106,252,Levantar,LEVANTAR;;;;;;;
443,-2924,-2004,18032,57,-93,324,Levantar,LEVANTAR;;;;;;;
444,-3012,-2056,18160,-67,-116,167,Levantar,LEVANTAR;;;;;;;
445,-2832,-2112,18276,-71,-31,318,Levantar,LEVANTAR;;;;;;;
446,-3008,-1920,18120,48,-21,446,Levantar,LEVANTAR;;;;;;;
447,-2924,-2004,18196,68,-33,236,Levantar,LEVANTAR;;;;;;;
448,-2868,-2100,18180,-27,25,151,Levantar,LEVANTAR;;;;;;;
449,-2760,-2064,18528,-182,29,19,Levantar,LEVANTAR;;;;;;;
450,-2668,-2128,18140,-31,206,203,Levantar,LEVANTAR;;;;;;;
451,-2884,-1960,18088,-127,-55,398,Levantar,LEVANTAR;;;;;;;
452,-2908,-1972,18208,-190,-35,216,Levantar,LEVANTAR;;;;;;;
453,-2864,-1948,18004,-80,96,101,Levantar,LEVANTAR;;;;;;;
454,-2800,-2144,18100,-119,-2,121,Levantar,LEVANTAR;;;;;;;
455,-2992,-1956,18332,56,191,232,Levantar,LEVANTAR;;;;;;;
456,-2888,-1932,18344,-104,147,99,Levantar,LEVANTAR;;;;;;;
457,-2808,-2008,18028,41,137,108,Levantar,LEVANTAR;;;;;;;
458,-2908,-2004,18132,-171,12,169,Levantar,LEVANTAR;;;;;;;
459,-3012,-1932,18368,-77,76,-17,Levantar,LEVANTAR;;;;;;;
460,-2772,-2100,18116,-54,148,111,Levantar,LEVANTAR;;;;;;;
461,-2884,-2056,18384,-396,0,124,Levantar,LEVANTAR;;;;;;;
462,-2956,-2004,18192,-114,254,91,Levantar,LEVANTAR;;;;;;;
463,-2808,-1940,18020,-219,113,38,Levantar,LEVANTAR;;;;;;;
464,-2848,-1828,18080,4,6,160,Levantar,LEVANTAR;;;;;;;
465,-2812,-1948,18200,-121,9,192,Levantar,LEVANTAR;;;;;;;
466,-2920,-1988,18176,-53,84,215,Levantar,LEVANTAR;;;;;;;
467,-2880,-1944,18308,24,7,134,Levantar,LEVANTAR;;;;;;;
468,-2816,-2072,18032,-7,146,153,Levantar,LEVANTAR;;;;;;;
469,-3052,-1956,18256,-182,-96,132,Levantar,LEVANTAR;;;;;;;
470,-2912,-1964,18244,-30,80,234,Levantar,LEVANTAR;;;;;;;
471,-2884,-1896,18216,-41,82,95,Levantar,LEVANTAR;;;;;;;
472,-2964,-1984,18208,-198,122,40,Levantar,LEVANTAR;;;;;;;
473,-2832,-2012,18124,-201,137,9,Levantar,LEVANTAR;;;;;;;
474,-2792,-1856,18180,-177,-314,-21,Levantar,LEVANTAR;;;;;;;
475,-2824,-2144,18248,30,214,67,Levantar,LEVANTAR;;;;;;;
476,-2976,-2120,18004,-155,-81,16,Levantar,LEVANTAR;;;;;;;
477,-3060,-1972,18368,-102,266,143,Levantar,LEVANTAR;;;;;;;
478,-3064,-1660,17976,-119,245,-74,Levantar,LEVANTAR;;;;;;;
479,-2960,-1828,18044,136,-65,-256,Levantar,LEVANTAR;;;;;;;
480,-2904,-2084,18268,211,187,-352,Levantar,LEVANTAR;;;;;;;
481,-2776,-2096,18172,-3,-4,-201,Levantar,LEVANTAR;;;;;;;
482,-2800,-2036,18052,196,161,67,Levantar,LEVANTAR;;;;;;;
483,-3008,-2060,18416,-98,-15,-71,Levantar,LEVANTAR;;;;;;;
484,-2900,-1884,18228,136,168,-125,Levantar,LEVANTAR;;;;;;;
485,-2676,-1832,18344,-234,-70,-331,Levantar,LEVANTAR;;;;;;;
486,-2612,-1780,18156,78,149,-45,Levantar,LEVANTAR;;;;;;;
487,-2536,-1828,18020,-68,-21,-60,Levantar,LEVANTAR;;;;;;;
488,-2580,-1876,17880,-16,-98,64,Levantar,LEVANTAR;;;;;;;
489,-2668,-1812,18168,366,-195,469,Levantar,LEVANTAR;;;;;;;
490,-2804,-1944,18508,67,300,326,Levantar,LEVANTAR;;;;;;;
491,-2988,-1880,18260,-151,-165,335,Levantar,LEVANTAR;;;;;;;
492,-2828,-1728,18444,103,194,318,Levantar,LEVANTAR;;;;;;;
493,-2760,-1692,18476,-390,599,-102,Levantar,LEVANTAR;;;;;;;
494,-2808,-1812,18132,77,241,232,Levantar,LEVANTAR;;;;;;;
495,-2660,-1884,18208,-357,-99,89,Levantar,LEVANTAR;;;;;;;
496,-2812,-1752,18304,-70,221,261,Levantar,LEVANTAR;;;;;;;
497,-2696,-1784,18224,-226,83,50,Levantar,LEVANTAR;;;;;;;
498,-2772,-1684,18148,-78,87,232,Levantar,LEVANTAR;;;;;;;
499,-2732,-1824,18096,-38,29,230,Levantar,LEVANTAR;;;;;;;
